,MSA,Year,Population (persons) 3/,Total employment (number of jobs),Average earnings per job (dollars),Average wages and salaries (dollars),Per capita net earnings 4/ (dollars)
,,,sum,sum,mean,mean,mean
0,"Atlanta-Sandy Springs-Alpharetta, GA MSA",2007,1550291.0,1377965.0,60308.5,54231.5,36294.0
1,"Atlanta-Sandy Springs-Alpharetta, GA MSA",2008,1574340.0,1373823.0,58787.5,54938.5,33614.0
2,"Atlanta-Sandy Springs-Alpharetta, GA MSA",2009,1596169.0,1316341.0,59742.5,55239.5,33045.5
3,"Atlanta-Sandy Springs-Alpharetta, GA MSA",2010,1618043.0,1314438.0,60631.0,56502.5,33518.5
4,"Atlanta-Sandy Springs-Alpharetta, GA MSA",2011,1645464.0,1356683.0,61490.5,58142.5,35332.0
5,"Atlanta-Sandy Springs-Alpharetta, GA MSA",2012,1683085.0,1376394.0,61632.5,59757.5,34865.0
6,"Atlanta-Sandy Springs-Alpharetta, GA MSA",2013,1698143.0,1403913.0,61891.5,59713.0,35041.0
7,"Atlanta-Sandy Springs-Alpharetta, GA MSA",2014,1715253.0,1456760.0,64003.5,61400.5,37745.5
8,"Atlanta-Sandy Springs-Alpharetta, GA MSA",2015,1737670.0,1505143.0,66424.5,63164.5,40238.5
9,"Atlanta-Sandy Springs-Alpharetta, GA MSA",2016,1767514.0,1543906.0,69261.0,64832.5,42156.0
10,"Atlanta-Sandy Springs-Alpharetta, GA MSA",2017,1787412.0,1585198.0,71600.5,66600.5,45025.5
11,"Atlanta-Sandy Springs-Alpharetta, GA MSA",2018,1802092.0,1633296.0,73586.0,68363.5,47118.5
12,"Atlanta-Sandy Springs-Alpharetta, GA MSA",2019,1819277.0,1666611.0,75889.5,70565.5,49574.5
13,"Atlanta-Sandy Springs-Alpharetta, GA MSA",2020,1833790.0,1616284.0,77945.0,76055.0,48032.5
14,"Atlanta-Sandy Springs-Alpharetta, GA MSA",2021,1821762.0,1704794.0,80407.5,80889.0,51805.5
15,"Atlanta-Sandy Springs-Alpharetta, GA MSA",2022,1837454.0,1815770.0,80407.0,84852.5,52391.0
16,"Austin-Round Rock-Georgetown, TX MSA",2007,955399.0,746530.0,52974.0,48614.0,30673.0
17,"Austin-Round Rock-Georgetown, TX MSA",2008,980699.0,767262.0,53012.0,49437.0,30520.0
18,"Austin-Round Rock-Georgetown, TX MSA",2009,1006503.0,760962.0,51075.0,48648.0,28840.0
19,"Austin-Round Rock-Georgetown, TX MSA",2010,1030315.0,771613.0,53932.0,50740.0,30401.0
20,"Austin-Round Rock-Georgetown, TX MSA",2011,1061255.0,796786.0,57505.0,52705.0,33420.0
21,"Austin-Round Rock-Georgetown, TX MSA",2012,1096149.0,826350.0,59025.0,54713.0,35199.0
22,"Austin-Round Rock-Georgetown, TX MSA",2013,1121205.0,866574.0,60747.0,55062.0,36772.0
23,"Austin-Round Rock-Georgetown, TX MSA",2014,1150862.0,904632.0,63306.0,57014.0,38647.0
24,"Austin-Round Rock-Georgetown, TX MSA",2015,1178026.0,948557.0,64069.0,59649.0,39009.0
25,"Austin-Round Rock-Georgetown, TX MSA",2016,1203850.0,989993.0,64567.0,61540.0,39477.0
26,"Austin-Round Rock-Georgetown, TX MSA",2017,1224476.0,1024703.0,69611.0,64234.0,43753.0
27,"Austin-Round Rock-Georgetown, TX MSA",2018,1243324.0,1069083.0,72438.0,67234.0,46922.0
28,"Austin-Round Rock-Georgetown, TX MSA",2019,1269667.0,1098909.0,73993.0,70454.0,48007.0
29,"Austin-Round Rock-Georgetown, TX MSA",2020,1296515.0,1087375.0,76378.0,78056.0,46958.0
30,"Austin-Round Rock-Georgetown, TX MSA",2021,1308544.0,1170075.0,81610.0,85961.0,52888.0
31,"Austin-Round Rock-Georgetown, TX MSA",2022,1326436.0,1269845.0,84265.0,89649.0,56998.0
32,"Baltimore-Columbia-Towson, MD MSA",2007,1470222.0,860665.0,54468.5,50266.5,24631.5
33,"Baltimore-Columbia-Towson, MD MSA",2008,1470351.0,851781.0,56809.5,52320.0,25024.5
34,"Baltimore-Columbia-Towson, MD MSA",2009,1476670.0,832325.0,57210.5,52782.0,24864.0
35,"Baltimore-Columbia-Towson, MD MSA",2010,1488605.0,824440.0,59164.5,53724.0,25084.5
36,"Baltimore-Columbia-Towson, MD MSA",2011,1501271.0,835801.0,60080.5,54935.0,26035.5
37,"Baltimore-Columbia-Towson, MD MSA",2012,1517099.0,846099.0,60885.0,56083.5,26079.5
38,"Baltimore-Columbia-Towson, MD MSA",2013,1530077.0,859687.0,60721.5,56379.0,26233.0
39,"Baltimore-Columbia-Towson, MD MSA",2014,1545993.0,870672.0,62562.5,58048.5,26835.5
40,"Baltimore-Columbia-Towson, MD MSA",2015,1556744.0,881506.0,64175.0,59922.5,27689.5
41,"Baltimore-Columbia-Towson, MD MSA",2016,1558320.0,892572.0,65672.0,60867.0,28332.5
42,"Baltimore-Columbia-Towson, MD MSA",2017,1559685.0,905222.0,67148.0,62589.0,29173.0
43,"Baltimore-Columbia-Towson, MD MSA",2018,1557855.0,921448.0,68182.5,63688.5,30276.0
44,"Baltimore-Columbia-Towson, MD MSA",2019,1554779.0,922066.0,69646.0,65980.0,30810.0
45,"Baltimore-Columbia-Towson, MD MSA",2020,1548429.0,896044.0,71753.0,70401.0,30805.5
46,"Baltimore-Columbia-Towson, MD MSA",2021,1533235.0,919212.0,74256.5,72960.5,32528.5
47,"Baltimore-Columbia-Towson, MD MSA",2022,1516902.0,956022.0,76859.5,76078.0,34436.5
48,"Birmingham-Hoover, AL MSA",2007,918002.0,604261.0,42269.0,38935.0,26342.0
49,"Birmingham-Hoover, AL MSA",2008,926267.0,599226.0,42267.666666666664,39961.333333333336,25916.0
50,"Birmingham-Hoover, AL MSA",2009,934158.0,572473.0,42469.333333333336,40059.666666666664,24690.333333333332
51,"Birmingham-Hoover, AL MSA",2010,938374.0,567456.0,43627.666666666664,40565.333333333336,24853.0
52,"Birmingham-Hoover, AL MSA",2011,942743.0,574092.0,44436.333333333336,41472.0,25948.0
53,"Birmingham-Hoover, AL MSA",2012,948614.0,582333.0,46150.333333333336,42659.333333333336,26985.666666666668
54,"Birmingham-Hoover, AL MSA",2013,956159.0,587772.0,47220.333333333336,43190.333333333336,27022.666666666668
55,"Birmingham-Hoover, AL MSA",2014,961451.0,595951.0,48303.0,44579.666666666664,27934.666666666668
56,"Birmingham-Hoover, AL MSA",2015,967349.0,604370.0,49531.666666666664,46045.0,28788.333333333332
57,"Birmingham-Hoover, AL MSA",2016,972504.0,613022.0,49692.333333333336,46615.0,29174.0
58,"Birmingham-Hoover, AL MSA",2017,976942.0,620306.0,51126.666666666664,48011.0,30262.333333333332
59,"Birmingham-Hoover, AL MSA",2018,981707.0,634037.0,52725.666666666664,49644.666666666664,31609.0
60,"Birmingham-Hoover, AL MSA",2019,985855.0,639014.0,54466.666666666664,51209.333333333336,32877.333333333336
61,"Birmingham-Hoover, AL MSA",2020,990208.0,626089.0,56624.333333333336,54474.666666666664,33150.666666666664
62,"Birmingham-Hoover, AL MSA",2021,990328.0,652654.0,58335.666666666664,56969.0,35480.0
63,"Birmingham-Hoover, AL MSA",2022,989456.0,680425.0,59991.333333333336,59910.333333333336,38127.666666666664
64,"Boston-Cambridge-Newton, MA-NH MSA",2007,693368.0,704131.0,84295.0,73413.0,33747.0
65,"Boston-Cambridge-Newton, MA-NH MSA",2008,702201.0,712241.0,85198.0,75332.0,33820.0
66,"Boston-Cambridge-Newton, MA-NH MSA",2009,716214.0,697968.0,90351.0,73071.0,38962.0
67,"Boston-Cambridge-Newton, MA-NH MSA",2010,725665.0,697484.0,97512.0,74833.0,44374.0
68,"Boston-Cambridge-Newton, MA-NH MSA",2011,736674.0,715372.0,95781.0,76662.0,42504.0
69,"Boston-Cambridge-Newton, MA-NH MSA",2012,750254.0,729705.0,94873.0,78842.0,40201.0
70,"Boston-Cambridge-Newton, MA-NH MSA",2013,761231.0,746424.0,94270.0,79831.0,39895.0
71,"Boston-Cambridge-Newton, MA-NH MSA",2014,771952.0,769056.0,95023.0,84840.0,39357.0
72,"Boston-Cambridge-Newton, MA-NH MSA",2015,780484.0,805077.0,96195.0,88040.0,41543.0
73,"Boston-Cambridge-Newton, MA-NH MSA",2016,789780.0,831543.0,100005.0,89367.0,44899.0
74,"Boston-Cambridge-Newton, MA-NH MSA",2017,797470.0,848641.0,105015.0,93582.0,48083.0
75,"Boston-Cambridge-Newton, MA-NH MSA",2018,799678.0,863330.0,108058.0,98290.0,50283.0
76,"Boston-Cambridge-Newton, MA-NH MSA",2019,801022.0,885923.0,112910.0,101446.0,52308.0
77,"Boston-Cambridge-Newton, MA-NH MSA",2020,793271.0,835231.0,123789.0,112595.0,53691.0
78,"Boston-Cambridge-Newton, MA-NH MSA",2021,771765.0,862075.0,128122.0,118893.0,59200.0
79,"Boston-Cambridge-Newton, MA-NH MSA",2022,766381.0,918097.0,129470.0,122206.0,60252.0
80,"Buffalo-Cheektowaga, NY MSA",2007,1283465.0,709827.0,41787.0,34577.0,20668.0
81,"Buffalo-Cheektowaga, NY MSA",2008,1281794.0,714578.0,42689.0,35606.0,21048.0
82,"Buffalo-Cheektowaga, NY MSA",2009,1280520.0,700227.0,42693.8,35693.2,20632.8
83,"Buffalo-Cheektowaga, NY MSA",2010,1281606.0,698822.0,45611.0,36626.0,21644.4
84,"Buffalo-Cheektowaga, NY MSA",2011,1285358.0,706862.0,46867.4,37731.2,22596.6
85,"Buffalo-Cheektowaga, NY MSA",2012,1288091.0,711145.0,48126.4,38898.4,23091.0
86,"Buffalo-Cheektowaga, NY MSA",2013,1291701.0,715700.0,49944.6,39426.0,23577.0
87,"Buffalo-Cheektowaga, NY MSA",2014,1295092.0,722380.0,50154.8,40308.0,23940.2
88,"Buffalo-Cheektowaga, NY MSA",2015,1296423.0,729119.0,50598.0,41166.8,24429.8
89,"Buffalo-Cheektowaga, NY MSA",2016,1296744.0,731961.0,50657.2,41931.8,24605.0
90,"Buffalo-Cheektowaga, NY MSA",2017,1299957.0,733987.0,52756.6,43120.6,25678.4
91,"Buffalo-Cheektowaga, NY MSA",2018,1303571.0,742144.0,53458.2,44370.0,26390.2
92,"Buffalo-Cheektowaga, NY MSA",2019,1305315.0,742877.0,55974.2,45751.8,27578.6
93,"Buffalo-Cheektowaga, NY MSA",2020,1303688.0,692624.0,59751.0,49540.2,27792.0
94,"Buffalo-Cheektowaga, NY MSA",2021,1303957.0,712220.0,62544.2,52587.0,29546.6
95,"Buffalo-Cheektowaga, NY MSA",2022,1297711.0,742048.0,64436.0,55726.8,31422.0
96,"Charlotte-Concord-Gastonia, NC-SC MSA",2007,1234217.0,891030.0,44330.25,38232.0,25606.25
97,"Charlotte-Concord-Gastonia, NC-SC MSA",2008,1266743.0,893794.0,47642.0,38850.0,27123.5
98,"Charlotte-Concord-Gastonia, NC-SC MSA",2009,1290372.0,856034.0,45002.0,38354.0,23547.5
99,"Charlotte-Concord-Gastonia, NC-SC MSA",2010,1305307.0,853351.0,44354.25,39716.0,22080.25
100,"Charlotte-Concord-Gastonia, NC-SC MSA",2011,1325890.0,893626.0,43636.5,40655.25,22938.0
101,"Charlotte-Concord-Gastonia, NC-SC MSA",2012,1349940.0,915537.0,47471.0,41610.5,25435.75
102,"Charlotte-Concord-Gastonia, NC-SC MSA",2013,1374222.0,942295.0,45784.75,42136.75,24123.75
103,"Charlotte-Concord-Gastonia, NC-SC MSA",2014,1394930.0,979647.0,46882.5,43289.25,25154.75
104,"Charlotte-Concord-Gastonia, NC-SC MSA",2015,1420597.0,1017077.0,48136.5,44750.75,26158.75
105,"Charlotte-Concord-Gastonia, NC-SC MSA",2016,1448072.0,1048563.0,49413.25,45946.25,27072.0
106,"Charlotte-Concord-Gastonia, NC-SC MSA",2017,1473206.0,1078585.0,50965.75,47501.75,28323.25
107,"Charlotte-Concord-Gastonia, NC-SC MSA",2018,1493577.0,1109919.0,52154.5,49277.75,29362.75
108,"Charlotte-Concord-Gastonia, NC-SC MSA",2019,1514198.0,1136787.0,54494.0,50833.25,30819.25
109,"Charlotte-Concord-Gastonia, NC-SC MSA",2020,1532307.0,1129827.0,56445.5,53660.25,31477.0
110,"Charlotte-Concord-Gastonia, NC-SC MSA",2021,1547334.0,1181902.0,58864.25,57052.5,33629.5
111,"Charlotte-Concord-Gastonia, NC-SC MSA",2022,1573372.0,1249023.0,61957.5,60901.25,36404.0
112,"Chicago-Naperville-Elgin, IL-IN-WI MSA",2007,8219573.0,5203928.0,52533.5,47915.666666666664,34125.5
113,"Chicago-Naperville-Elgin, IL-IN-WI MSA",2008,8252073.0,5184844.0,52586.666666666664,48783.0,33749.166666666664
114,"Chicago-Naperville-Elgin, IL-IN-WI MSA",2009,8289812.0,5005244.0,51610.833333333336,48456.166666666664,31492.0
115,"Chicago-Naperville-Elgin, IL-IN-WI MSA",2010,8329753.0,4961706.0,53765.333333333336,49885.0,32183.0
116,"Chicago-Naperville-Elgin, IL-IN-WI MSA",2011,8377655.0,5063441.0,55043.166666666664,51348.0,33755.5
117,"Chicago-Naperville-Elgin, IL-IN-WI MSA",2012,8422969.0,5120721.0,57331.333333333336,52681.5,35573.666666666664
118,"Chicago-Naperville-Elgin, IL-IN-WI MSA",2013,8463325.0,5205214.0,58329.666666666664,53191.5,36002.5
119,"Chicago-Naperville-Elgin, IL-IN-WI MSA",2014,8488951.0,5301088.0,59589.166666666664,54614.0,37169.833333333336
120,"Chicago-Naperville-Elgin, IL-IN-WI MSA",2015,8501154.0,5424303.0,61482.833333333336,56820.666666666664,38949.833333333336
121,"Chicago-Naperville-Elgin, IL-IN-WI MSA",2016,8500969.0,5495429.0,61629.0,57286.5,39342.666666666664
122,"Chicago-Naperville-Elgin, IL-IN-WI MSA",2017,8497170.0,5520955.0,63118.333333333336,58623.166666666664,40453.333333333336
123,"Chicago-Naperville-Elgin, IL-IN-WI MSA",2018,8482948.0,5574266.0,65072.166666666664,60242.833333333336,42122.666666666664
124,"Chicago-Naperville-Elgin, IL-IN-WI MSA",2019,8464589.0,5573912.0,66936.66666666667,61466.833333333336,43434.666666666664
125,"Chicago-Naperville-Elgin, IL-IN-WI MSA",2020,8427615.0,5316445.0,69886.66666666667,65931.0,43899.833333333336
126,"Chicago-Naperville-Elgin, IL-IN-WI MSA",2021,8341974.0,5500570.0,72636.0,69490.66666666667,47334.333333333336
127,"Chicago-Naperville-Elgin, IL-IN-WI MSA",2022,8262029.0,5767561.0,72234.16666666667,71987.5,49983.666666666664
128,"Cincinnati, OH-KY-IN MSA",2007,801815.0,634776.0,54215.0,48388.0,27035.0
129,"Cincinnati, OH-KY-IN MSA",2008,799840.0,631113.0,55333.0,49924.0,27152.0
130,"Cincinnati, OH-KY-IN MSA",2009,802149.0,610388.0,55637.0,50030.0,26115.0
131,"Cincinnati, OH-KY-IN MSA",2010,802583.0,602580.0,58225.0,51408.0,27388.0
132,"Cincinnati, OH-KY-IN MSA",2011,802191.0,608146.0,60973.0,53189.0,29585.0
133,"Cincinnati, OH-KY-IN MSA",2012,805176.0,614892.0,63464.0,55555.0,31093.0
134,"Cincinnati, OH-KY-IN MSA",2013,809197.0,620011.0,64465.0,55971.0,31110.0
135,"Cincinnati, OH-KY-IN MSA",2014,812899.0,628439.0,64894.0,57768.0,31553.0
136,"Cincinnati, OH-KY-IN MSA",2015,816075.0,637438.0,64495.0,57895.0,31868.0
137,"Cincinnati, OH-KY-IN MSA",2016,819145.0,643303.0,65516.0,58960.0,32794.0
138,"Cincinnati, OH-KY-IN MSA",2017,823299.0,652772.0,66940.0,60464.0,33720.0
139,"Cincinnati, OH-KY-IN MSA",2018,825668.0,660302.0,68290.0,61966.0,35002.0
140,"Cincinnati, OH-KY-IN MSA",2019,829705.0,661035.0,71030.0,64882.0,36094.0
141,"Cincinnati, OH-KY-IN MSA",2020,830320.0,635598.0,74112.0,69777.0,36181.0
142,"Cincinnati, OH-KY-IN MSA",2021,827501.0,653205.0,76109.0,72379.0,38635.0
143,"Cincinnati, OH-KY-IN MSA",2022,825037.0,681791.0,77570.0,74679.0,40725.0
144,"Cleveland-Elyria, OH MSA",2007,1301540.0,919548.0,52786.0,46223.0,25137.0
145,"Cleveland-Elyria, OH MSA",2008,1291479.0,908861.0,54083.0,47087.0,25727.0
146,"Cleveland-Elyria, OH MSA",2009,1285082.0,874434.0,52886.0,46863.0,24168.0
147,"Cleveland-Elyria, OH MSA",2010,1278957.0,869402.0,53609.0,48305.0,24287.0
148,"Cleveland-Elyria, OH MSA",2011,1274684.0,879394.0,55335.0,50017.0,25731.0
149,"Cleveland-Elyria, OH MSA",2012,1273938.0,893644.0,57352.0,51787.0,26997.0
150,"Cleveland-Elyria, OH MSA",2013,1276781.0,903707.0,58697.0,52388.0,27443.0
151,"Cleveland-Elyria, OH MSA",2014,1277988.0,908684.0,59797.0,53929.0,28203.0
152,"Cleveland-Elyria, OH MSA",2015,1276979.0,918194.0,60871.0,55122.0,29203.0
153,"Cleveland-Elyria, OH MSA",2016,1275561.0,925284.0,61583.0,55668.0,29613.0
154,"Cleveland-Elyria, OH MSA",2017,1272360.0,927994.0,63735.0,57726.0,30735.0
155,"Cleveland-Elyria, OH MSA",2018,1269631.0,942341.0,64391.0,59117.0,31376.0
156,"Cleveland-Elyria, OH MSA",2019,1266678.0,943830.0,66047.0,60905.0,32130.0
157,"Cleveland-Elyria, OH MSA",2020,1262523.0,905636.0,68722.0,65527.0,31764.0
158,"Cleveland-Elyria, OH MSA",2021,1247808.0,933183.0,71482.0,69059.0,34407.0
159,"Cleveland-Elyria, OH MSA",2022,1236041.0,969409.0,72870.0,71880.0,36085.0
160,"Columbus, OH MSA",2007,1127174.0,869182.0,49393.0,44044.0,26848.0
161,"Columbus, OH MSA",2008,1141183.0,863651.0,50516.0,45056.0,26797.0
162,"Columbus, OH MSA",2009,1155408.0,840583.0,50501.0,45530.0,25741.0
163,"Columbus, OH MSA",2010,1166214.0,839824.0,52101.0,46589.0,26522.0
164,"Columbus, OH MSA",2011,1180897.0,858560.0,54165.0,48115.0,28367.0
165,"Columbus, OH MSA",2012,1199222.0,877709.0,56981.0,49936.0,30052.0
166,"Columbus, OH MSA",2013,1219137.0,901418.0,57946.0,50354.0,30454.0
167,"Columbus, OH MSA",2014,1238698.0,925109.0,58677.0,51757.0,31081.0
168,"Columbus, OH MSA",2015,1257824.0,944806.0,60057.0,53681.0,31955.0
169,"Columbus, OH MSA",2016,1275139.0,963969.0,60365.0,54146.0,31899.0
170,"Columbus, OH MSA",2017,1296304.0,980361.0,61868.0,55842.0,32502.0
171,"Columbus, OH MSA",2018,1308522.0,995993.0,62870.0,57509.0,33098.0
172,"Columbus, OH MSA",2019,1318681.0,1003809.0,64570.0,59273.0,33855.0
173,"Columbus, OH MSA",2020,1324357.0,978012.0,68249.0,64355.0,34568.0
174,"Columbus, OH MSA",2021,1317560.0,1008815.0,71177.0,67217.0,37621.0
175,"Columbus, OH MSA",2022,1321820.0,1047247.0,72564.0,70230.0,39015.0
176,"Dallas-Fort Worth-Arlington, TX MSA",2007,4822786.0,3366770.0,47737.75,46247.5,31439.5
177,"Dallas-Fort Worth-Arlington, TX MSA",2008,4913795.0,3429997.0,48508.0,47032.0,31995.0
178,"Dallas-Fort Worth-Arlington, TX MSA",2009,5012049.0,3353629.0,46640.5,46525.75,29459.75
179,"Dallas-Fort Worth-Arlington, TX MSA",2010,5095656.0,3372928.0,48711.5,47815.0,30463.0
180,"Dallas-Fort Worth-Arlington, TX MSA",2011,5184931.0,3482281.0,51896.75,49949.0,32885.75
181,"Dallas-Fort Worth-Arlington, TX MSA",2012,5287406.0,3586241.0,53714.25,51590.5,34355.75
182,"Dallas-Fort Worth-Arlington, TX MSA",2013,5365040.0,3690082.0,55012.5,52299.75,35207.0
183,"Dallas-Fort Worth-Arlington, TX MSA",2014,5460841.0,3811962.0,56815.75,54104.5,36626.5
184,"Dallas-Fort Worth-Arlington, TX MSA",2015,5568766.0,3952927.0,56855.75,55435.0,36972.25
185,"Dallas-Fort Worth-Arlington, TX MSA",2016,5670274.0,4089823.0,55531.0,55608.25,37209.0
186,"Dallas-Fort Worth-Arlington, TX MSA",2017,5761167.0,4196710.0,57796.75,57471.5,39008.75
187,"Dallas-Fort Worth-Arlington, TX MSA",2018,5830057.0,4316240.0,59808.75,59681.75,40811.25
188,"Dallas-Fort Worth-Arlington, TX MSA",2019,5886863.0,4398106.0,61822.75,61133.0,42564.25
189,"Dallas-Fort Worth-Arlington, TX MSA",2020,5950849.0,4362610.0,62668.5,64901.75,42130.0
190,"Dallas-Fort Worth-Arlington, TX MSA",2021,5988772.0,4614535.0,65599.75,68431.5,46000.25
191,"Dallas-Fort Worth-Arlington, TX MSA",2022,6079965.0,4910542.0,68362.0,71964.75,49926.5
192,"Denver-Aurora-Lakewood, CO MSA",2007,2653222.0,1869065.0,52416.142857142855,51255.57142857143,35267.142857142855
193,"Denver-Aurora-Lakewood, CO MSA",2008,2701638.0,1894465.0,52834.28571428572,52296.42857142857,35747.57142857143
194,"Denver-Aurora-Lakewood, CO MSA",2009,2749198.0,1848741.0,51742.28571428572,53003.0,32512.428571428572
195,"Denver-Aurora-Lakewood, CO MSA",2010,2795336.0,1841234.0,53202.857142857145,54056.57142857143,32649.85714285714
196,"Denver-Aurora-Lakewood, CO MSA",2011,2847914.0,1883443.0,55269.42857142857,55562.28571428572,34341.857142857145
197,"Denver-Aurora-Lakewood, CO MSA",2012,2898677.0,1931329.0,57863.28571428572,58121.0,35756.857142857145
198,"Denver-Aurora-Lakewood, CO MSA",2013,2952054.0,1997775.0,60172.42857142857,58075.57142857143,37259.142857142855
199,"Denver-Aurora-Lakewood, CO MSA",2014,3006182.0,2072799.0,62393.71428571428,60156.71428571428,39471.142857142855
200,"Denver-Aurora-Lakewood, CO MSA",2015,3068541.0,2151330.0,61458.0,62456.0,38919.57142857143
201,"Denver-Aurora-Lakewood, CO MSA",2016,3113030.0,2219269.0,60162.857142857145,63022.57142857143,38280.28571428572
202,"Denver-Aurora-Lakewood, CO MSA",2017,3146385.0,2272673.0,64510.142857142855,67156.71428571429,41108.0
203,"Denver-Aurora-Lakewood, CO MSA",2018,3186189.0,2334968.0,67266.14285714286,67644.28571428571,44322.28571428572
204,"Denver-Aurora-Lakewood, CO MSA",2019,3215040.0,2363040.0,72099.0,71723.28571428571,47357.42857142857
205,"Denver-Aurora-Lakewood, CO MSA",2020,3242001.0,2308839.0,75904.28571428571,76871.71428571429,48035.142857142855
206,"Denver-Aurora-Lakewood, CO MSA",2021,3244673.0,2413163.0,80424.42857142857,81946.0,53251.857142857145
207,"Denver-Aurora-Lakewood, CO MSA",2022,3252355.0,2543750.0,83632.14285714286,85179.14285714286,58367.71428571428
208,"Detroit-Warren-Dearborn, MI MSA",2007,3936557.0,2293351.0,53716.666666666664,49017.0,27036.0
209,"Detroit-Warren-Dearborn, MI MSA",2008,3902460.0,2240321.0,53610.0,49916.0,26486.0
210,"Detroit-Warren-Dearborn, MI MSA",2009,3877861.0,2093720.0,51640.0,48733.666666666664,24043.0
211,"Detroit-Warren-Dearborn, MI MSA",2010,3861239.0,2096338.0,52854.666666666664,49521.666666666664,24647.0
212,"Detroit-Warren-Dearborn, MI MSA",2011,3869482.0,2161807.0,54656.333333333336,51685.333333333336,26747.666666666668
213,"Detroit-Warren-Dearborn, MI MSA",2012,3886617.0,2202267.0,56276.666666666664,52725.666666666664,27943.666666666668
214,"Detroit-Warren-Dearborn, MI MSA",2013,3897958.0,2240893.0,56703.0,53011.666666666664,28111.666666666668
215,"Detroit-Warren-Dearborn, MI MSA",2014,3910357.0,2280438.0,57996.0,54537.333333333336,29122.0
216,"Detroit-Warren-Dearborn, MI MSA",2015,3915222.0,2327361.0,60115.666666666664,56340.666666666664,30909.333333333332
217,"Detroit-Warren-Dearborn, MI MSA",2016,3928971.0,2360371.0,60957.333333333336,57430.333333333336,31446.0
218,"Detroit-Warren-Dearborn, MI MSA",2017,3941272.0,2391847.0,62775.333333333336,59198.333333333336,32672.0
219,"Detroit-Warren-Dearborn, MI MSA",2018,3949237.0,2436231.0,63788.666666666664,60403.333333333336,33665.666666666664
220,"Detroit-Warren-Dearborn, MI MSA",2019,3951695.0,2444572.0,65196.666666666664,61415.0,34550.0
221,"Detroit-Warren-Dearborn, MI MSA",2020,3941718.0,2296322.0,68171.66666666667,65996.0,34199.666666666664
222,"Detroit-Warren-Dearborn, MI MSA",2021,3922349.0,2400210.0,70496.66666666667,68717.0,36981.0
223,"Detroit-Warren-Dearborn, MI MSA",2022,3900669.0,2517218.0,71987.0,71064.33333333333,39480.0
224,"Fresno, CA MSA",2007,1042000.0,506230.0,45707.5,35545.5,19132.5
225,"Fresno, CA MSA",2008,1057989.0,501413.0,45099.5,36985.5,18198.0
226,"Fresno, CA MSA",2009,1070712.0,482529.0,44859.0,37513.5,17351.0
227,"Fresno, CA MSA",2010,1083163.0,478289.0,48886.0,37668.0,18610.0
228,"Fresno, CA MSA",2011,1091678.0,483526.0,51338.0,38502.0,19687.5
229,"Fresno, CA MSA",2012,1097650.0,499222.0,52285.5,38737.0,20480.0
230,"Fresno, CA MSA",2013,1104406.0,516409.0,53701.5,39055.0,21349.5
231,"Fresno, CA MSA",2014,1116027.0,527797.0,55266.0,39569.5,22277.0
232,"Fresno, CA MSA",2015,1125582.0,537373.0,55270.5,41343.0,22393.0
233,"Fresno, CA MSA",2016,1133832.0,550585.0,55949.5,42258.5,23091.0
234,"Fresno, CA MSA",2017,1144386.0,561093.0,57581.0,44049.0,23932.5
235,"Fresno, CA MSA",2018,1152931.0,574691.0,57945.5,44853.0,24473.5
236,"Fresno, CA MSA",2019,1160507.0,586765.0,59516.0,46561.0,25570.0
237,"Fresno, CA MSA",2020,1165846.0,572366.0,64033.0,50818.5,26767.0
238,"Fresno, CA MSA",2021,1171902.0,593659.0,65913.5,52858.0,28645.5
239,"Fresno, CA MSA",2022,1175446.0,624377.0,65643.0,54593.0,29915.0
240,"Houston-The Woodlands-Sugar Land, TX MSA",2007,927980.0,402354.0,44830.5,42791.0,35831.0
241,"Houston-The Woodlands-Sugar Land, TX MSA",2008,972775.0,427271.0,48189.0,44198.0,38780.0
242,"Houston-The Woodlands-Sugar Land, TX MSA",2009,1014966.0,436312.0,45419.0,44185.0,36038.0
243,"Houston-The Woodlands-Sugar Land, TX MSA",2010,1049192.0,442218.0,47785.5,44727.5,37154.0
244,"Houston-The Woodlands-Sugar Land, TX MSA",2011,1076358.0,460418.0,48814.5,46139.0,39456.5
245,"Houston-The Woodlands-Sugar Land, TX MSA",2012,1107354.0,481190.0,55002.5,48223.5,43690.0
246,"Houston-The Woodlands-Sugar Land, TX MSA",2013,1147231.0,510263.0,59585.0,49653.0,45831.0
247,"Houston-The Woodlands-Sugar Land, TX MSA",2014,1197075.0,534652.0,62678.0,51386.5,48122.0
248,"Houston-The Woodlands-Sugar Land, TX MSA",2015,1245783.0,561893.0,58682.0,51647.0,46463.5
249,"Houston-The Woodlands-Sugar Land, TX MSA",2016,1293124.0,578937.0,50171.0,51020.5,41777.0
250,"Houston-The Woodlands-Sugar Land, TX MSA",2017,1331754.0,617496.0,52639.0,52315.5,43344.5
251,"Houston-The Woodlands-Sugar Land, TX MSA",2018,1369970.0,654096.0,51841.0,53788.0,44093.0
252,"Houston-The Woodlands-Sugar Land, TX MSA",2019,1409396.0,672750.0,56786.0,55270.0,46982.0
253,"Houston-The Woodlands-Sugar Land, TX MSA",2020,1454279.0,690326.0,55110.0,57541.0,45568.5
254,"Houston-The Woodlands-Sugar Land, TX MSA",2021,1510385.0,746018.0,55397.5,59463.0,46509.5
255,"Houston-The Woodlands-Sugar Land, TX MSA",2022,1567636.0,798889.0,57815.5,62377.5,51354.0
256,"Indianapolis-Carmel-Anderson, IN MSA",2007,883591.0,714532.0,53708.0,45762.0,24783.0
257,"Indianapolis-Carmel-Anderson, IN MSA",2008,889504.0,712775.0,56430.0,46949.0,25791.0
258,"Indianapolis-Carmel-Anderson, IN MSA",2009,898394.0,681825.0,59867.0,47299.0,26745.0
259,"Indianapolis-Carmel-Anderson, IN MSA",2010,904858.0,681334.0,63533.0,48295.0,28696.0
260,"Indianapolis-Carmel-Anderson, IN MSA",2011,912575.0,693044.0,66573.0,49710.0,31113.0
261,"Indianapolis-Carmel-Anderson, IN MSA",2012,922252.0,705986.0,67523.0,50931.0,31502.0
262,"Indianapolis-Carmel-Anderson, IN MSA",2013,933531.0,713191.0,67431.0,51469.0,30897.0
263,"Indianapolis-Carmel-Anderson, IN MSA",2014,940660.0,723001.0,67595.0,52065.0,31023.0
264,"Indianapolis-Carmel-Anderson, IN MSA",2015,945714.0,731805.0,69499.0,53660.0,32460.0
265,"Indianapolis-Carmel-Anderson, IN MSA",2016,952724.0,741927.0,71342.0,54803.0,33376.0
266,"Indianapolis-Carmel-Anderson, IN MSA",2017,959016.0,752985.0,72090.0,56760.0,33710.0
267,"Indianapolis-Carmel-Anderson, IN MSA",2018,968269.0,762671.0,75120.0,58527.0,35497.0
268,"Indianapolis-Carmel-Anderson, IN MSA",2019,973834.0,771239.0,80267.0,60198.0,38794.0
269,"Indianapolis-Carmel-Anderson, IN MSA",2020,976631.0,736470.0,87541.0,64903.0,40895.0
270,"Indianapolis-Carmel-Anderson, IN MSA",2021,971647.0,766068.0,91831.0,67977.0,44985.0
271,"Indianapolis-Carmel-Anderson, IN MSA",2022,969466.0,802109.0,93331.0,72055.0,46375.0
272,"Jacksonville, FL MSA",2007,1105258.0,699070.0,41034.0,38112.666666666664,25164.333333333332
273,"Jacksonville, FL MSA",2008,1114283.0,688406.0,40819.333333333336,38506.333333333336,24273.0
274,"Jacksonville, FL MSA",2009,1121567.0,658145.0,40055.0,38841.0,22528.333333333332
275,"Jacksonville, FL MSA",2010,1131215.0,654212.0,41829.666666666664,40158.666666666664,23080.666666666668
276,"Jacksonville, FL MSA",2011,1141928.0,666772.0,41640.333333333336,41194.666666666664,23516.666666666668
277,"Jacksonville, FL MSA",2012,1154158.0,672525.0,43325.666666666664,42490.333333333336,23595.333333333332
278,"Jacksonville, FL MSA",2013,1165227.0,684320.0,43427.333333333336,42416.666666666664,23774.0
279,"Jacksonville, FL MSA",2014,1182415.0,701550.0,44833.333333333336,43824.666666666664,24703.333333333332
280,"Jacksonville, FL MSA",2015,1204646.0,724524.0,45424.0,44354.666666666664,25625.333333333332
281,"Jacksonville, FL MSA",2016,1230339.0,750110.0,45965.666666666664,44600.666666666664,26753.0
282,"Jacksonville, FL MSA",2017,1253067.0,785874.0,46646.0,45854.0,27857.666666666668
283,"Jacksonville, FL MSA",2018,1273610.0,807142.0,48060.333333333336,47519.666666666664,29140.0
284,"Jacksonville, FL MSA",2019,1291675.0,822391.0,50079.333333333336,48873.333333333336,29745.0
285,"Jacksonville, FL MSA",2020,1307564.0,823095.0,51941.333333333336,52116.333333333336,30508.333333333332
286,"Jacksonville, FL MSA",2021,1319178.0,859791.0,54473.666666666664,55489.333333333336,33140.0
287,"Jacksonville, FL MSA",2022,1341024.0,902087.0,57232.0,58878.333333333336,35751.666666666664
288,"Kansas City, MO-KS MSA",2007,523879.0,418024.0,51461.0,46797.0,39282.0
289,"Kansas City, MO-KS MSA",2008,532175.0,418104.0,53998.0,48027.0,41158.0
290,"Kansas City, MO-KS MSA",2009,539396.0,405382.0,53875.0,47621.0,40052.0
291,"Kansas City, MO-KS MSA",2010,545758.0,401245.0,51678.0,48890.0,38026.0
292,"Kansas City, MO-KS MSA",2011,553424.0,411172.0,50536.0,50199.0,37734.0
293,"Kansas City, MO-KS MSA",2012,560347.0,418636.0,53194.0,52080.0,40516.0
294,"Kansas City, MO-KS MSA",2013,567688.0,433185.0,56297.0,52333.0,42454.0
295,"Kansas City, MO-KS MSA",2014,574683.0,443029.0,58345.0,53714.0,44253.0
296,"Kansas City, MO-KS MSA",2015,581860.0,452482.0,61473.0,55685.0,46694.0
297,"Kansas City, MO-KS MSA",2016,588670.0,457926.0,62884.0,55607.0,48302.0
298,"Kansas City, MO-KS MSA",2017,594499.0,462779.0,65933.0,56910.0,50672.0
299,"Kansas City, MO-KS MSA",2018,601885.0,473224.0,67769.0,58517.0,52202.0
300,"Kansas City, MO-KS MSA",2019,606174.0,473505.0,70823.0,60589.0,54035.0
301,"Kansas City, MO-KS MSA",2020,611101.0,463854.0,72754.0,65822.0,53440.0
302,"Kansas City, MO-KS MSA",2021,614848.0,478963.0,72988.0,68754.0,55132.0
303,"Kansas City, MO-KS MSA",2022,619195.0,499375.0,79968.0,71327.0,62569.0
304,"Las Vegas-Henderson-Paradise, NV MSA",2007,1867817.0,1174115.0,48489.0,43751.0,26974.0
305,"Las Vegas-Henderson-Paradise, NV MSA",2008,1912349.0,1160284.0,46606.0,44710.0,25066.0
306,"Las Vegas-Henderson-Paradise, NV MSA",2009,1939407.0,1081908.0,45487.0,44231.0,22344.0
307,"Las Vegas-Henderson-Paradise, NV MSA",2010,1951737.0,1057024.0,47211.0,43774.0,22666.0
308,"Las Vegas-Henderson-Paradise, NV MSA",2011,1957626.0,1076791.0,47882.0,44369.0,23642.0
309,"Las Vegas-Henderson-Paradise, NV MSA",2012,1981384.0,1093018.0,48666.0,45008.0,24018.0
310,"Las Vegas-Henderson-Paradise, NV MSA",2013,2005757.0,1125664.0,48969.0,45458.0,24420.0
311,"Las Vegas-Henderson-Paradise, NV MSA",2014,2037960.0,1168840.0,49362.0,46182.0,24968.0
312,"Las Vegas-Henderson-Paradise, NV MSA",2015,2077790.0,1216009.0,50358.0,47192.0,25973.0
313,"Las Vegas-Henderson-Paradise, NV MSA",2016,2115963.0,1263383.0,50021.0,48637.0,26234.0
314,"Las Vegas-Henderson-Paradise, NV MSA",2017,2154616.0,1303257.0,51337.0,49275.0,27397.0
315,"Las Vegas-Henderson-Paradise, NV MSA",2018,2195698.0,1355054.0,52532.0,50955.0,28599.0
316,"Las Vegas-Henderson-Paradise, NV MSA",2019,2237815.0,1387803.0,55433.0,52002.0,30201.0
317,"Las Vegas-Henderson-Paradise, NV MSA",2020,2274734.0,1283836.0,57144.0,56035.0,28350.0
318,"Las Vegas-Henderson-Paradise, NV MSA",2021,2295194.0,1400541.0,60163.0,59324.0,32369.0
319,"Las Vegas-Henderson-Paradise, NV MSA",2022,2322985.0,1523197.0,61960.0,62278.0,35516.0
320,"Los Angeles-Long Beach-Anaheim, CA MSA",2007,13596611.0,8248976.0,53099.25,46268.25,28529.75
321,"Los Angeles-Long Beach-Anaheim, CA MSA",2008,13667010.0,8138840.0,53770.0,47096.5,28034.25
322,"Los Angeles-Long Beach-Anaheim, CA MSA",2009,13761715.0,7803562.0,53957.5,47500.5,26619.5
323,"Los Angeles-Long Beach-Anaheim, CA MSA",2010,13839288.0,7742108.0,56814.5,48671.75,27776.25
324,"Los Angeles-Long Beach-Anaheim, CA MSA",2011,13936701.0,7902628.0,58994.75,49721.5,29399.25
325,"Los Angeles-Long Beach-Anaheim, CA MSA",2012,14032902.0,8198340.0,59574.5,50477.25,30615.0
326,"Los Angeles-Long Beach-Anaheim, CA MSA",2013,14125426.0,8450403.0,59533.75,50109.25,30827.0
327,"Los Angeles-Long Beach-Anaheim, CA MSA",2014,14204800.0,8700523.0,59976.0,51099.25,31718.25
328,"Los Angeles-Long Beach-Anaheim, CA MSA",2015,14281474.0,8945504.0,61928.25,53193.0,33474.0
329,"Los Angeles-Long Beach-Anaheim, CA MSA",2016,14323001.0,9108829.0,62055.25,53704.25,33723.25
330,"Los Angeles-Long Beach-Anaheim, CA MSA",2017,14339145.0,9203617.0,63681.0,55791.25,34742.5
331,"Los Angeles-Long Beach-Anaheim, CA MSA",2018,14314500.0,9405961.0,63392.25,56810.25,35476.0
332,"Los Angeles-Long Beach-Anaheim, CA MSA",2019,14261929.0,9445359.0,66536.25,59115.5,37338.5
333,"Los Angeles-Long Beach-Anaheim, CA MSA",2020,14200657.0,8940284.0,71121.25,64717.75,38210.25
334,"Los Angeles-Long Beach-Anaheim, CA MSA",2021,13991420.0,9237568.0,72949.75,67882.0,41107.25
335,"Los Angeles-Long Beach-Anaheim, CA MSA",2022,13883640.0,9768774.0,73290.5,69412.75,43642.5
336,"Louisville/Jefferson County, KY-IN MSA",2007,723040.0,539657.0,47823.0,42547.0,24574.0
337,"Louisville/Jefferson County, KY-IN MSA",2008,730194.0,534386.0,48056.0,43105.0,24176.0
338,"Louisville/Jefferson County, KY-IN MSA",2009,736705.0,516043.0,48261.0,43617.0,23292.0
339,"Louisville/Jefferson County, KY-IN MSA",2010,742443.0,514652.0,50018.0,44626.0,24072.0
340,"Louisville/Jefferson County, KY-IN MSA",2011,748206.0,523456.0,51330.0,45926.0,25453.0
341,"Louisville/Jefferson County, KY-IN MSA",2012,754976.0,533995.0,53325.0,47353.0,26500.0
342,"Louisville/Jefferson County, KY-IN MSA",2013,764064.0,543989.0,53626.0,47532.0,26430.0
343,"Louisville/Jefferson County, KY-IN MSA",2014,768135.0,557402.0,54729.0,49000.0,27359.0
344,"Louisville/Jefferson County, KY-IN MSA",2015,772902.0,569107.0,57123.0,51295.0,28751.0
345,"Louisville/Jefferson County, KY-IN MSA",2016,776847.0,578862.0,58072.0,52164.0,29404.0
346,"Louisville/Jefferson County, KY-IN MSA",2017,780978.0,585995.0,59473.0,53652.0,30341.0
347,"Louisville/Jefferson County, KY-IN MSA",2018,780758.0,594595.0,61072.0,54903.0,31503.0
348,"Louisville/Jefferson County, KY-IN MSA",2019,781311.0,596478.0,63830.0,57095.0,32818.0
349,"Louisville/Jefferson County, KY-IN MSA",2020,782783.0,572908.0,67040.0,60829.0,33067.0
350,"Louisville/Jefferson County, KY-IN MSA",2021,777378.0,596913.0,69230.0,63280.0,35925.0
351,"Louisville/Jefferson County, KY-IN MSA",2022,773399.0,621992.0,70285.0,65690.0,37905.0
352,"Memphis, TN-MS-AR MSA",2007,921119.0,650497.0,52138.0,44723.0,28227.0
353,"Memphis, TN-MS-AR MSA",2008,920685.0,648319.0,51381.0,45529.0,27283.0
354,"Memphis, TN-MS-AR MSA",2009,922541.0,626004.0,50723.0,45736.0,25886.0
355,"Memphis, TN-MS-AR MSA",2010,928319.0,623909.0,52043.0,47418.0,26449.0
356,"Memphis, TN-MS-AR MSA",2011,932527.0,635540.0,52979.0,48478.0,27718.0
357,"Memphis, TN-MS-AR MSA",2012,937963.0,637974.0,55097.0,50332.0,28824.0
358,"Memphis, TN-MS-AR MSA",2013,936589.0,640112.0,55181.0,50351.0,28524.0
359,"Memphis, TN-MS-AR MSA",2014,935142.0,648157.0,55605.0,51395.0,29188.0
360,"Memphis, TN-MS-AR MSA",2015,934092.0,656531.0,56506.0,52222.0,30063.0
361,"Memphis, TN-MS-AR MSA",2016,932510.0,667512.0,56823.0,53110.0,30572.0
362,"Memphis, TN-MS-AR MSA",2017,931109.0,671113.0,58026.0,54598.0,31342.0
363,"Memphis, TN-MS-AR MSA",2018,931620.0,680489.0,59294.0,56305.0,32325.0
364,"Memphis, TN-MS-AR MSA",2019,930746.0,684102.0,60855.0,57317.0,33064.0
365,"Memphis, TN-MS-AR MSA",2020,929388.0,666727.0,63776.0,61724.0,33665.0
366,"Memphis, TN-MS-AR MSA",2021,923352.0,691100.0,66803.0,66451.0,37022.0
367,"Memphis, TN-MS-AR MSA",2022,916371.0,715218.0,66698.0,67922.0,38125.0
368,"Miami-Fort Lauderdale-Pompano Beach, FL MSA",2007,5422987.0,3292482.0,46390.333333333336,44572.333333333336,25185.0
369,"Miami-Fort Lauderdale-Pompano Beach, FL MSA",2008,5454633.0,3238713.0,45026.666666666664,45491.333333333336,23745.666666666668
370,"Miami-Fort Lauderdale-Pompano Beach, FL MSA",2009,5504624.0,3113069.0,43585.0,45780.666666666664,21802.0
371,"Miami-Fort Lauderdale-Pompano Beach, FL MSA",2010,5582496.0,3125041.0,46563.0,46587.333333333336,23126.666666666668
372,"Miami-Fort Lauderdale-Pompano Beach, FL MSA",2011,5663565.0,3232132.0,46498.0,47389.0,23931.0
373,"Miami-Fort Lauderdale-Pompano Beach, FL MSA",2012,5737057.0,3317135.0,46407.0,48386.0,24199.0
374,"Miami-Fort Lauderdale-Pompano Beach, FL MSA",2013,5809981.0,3435057.0,46501.0,49052.0,24381.0
375,"Miami-Fort Lauderdale-Pompano Beach, FL MSA",2014,5876841.0,3586431.0,47782.0,50493.666666666664,25863.666666666668
376,"Miami-Fort Lauderdale-Pompano Beach, FL MSA",2015,5947797.0,3752370.0,48706.666666666664,52251.666666666664,27236.333333333332
377,"Miami-Fort Lauderdale-Pompano Beach, FL MSA",2016,6028626.0,3836806.0,49698.666666666664,53021.333333333336,27966.0
378,"Miami-Fort Lauderdale-Pompano Beach, FL MSA",2017,6084581.0,3948385.0,51462.666666666664,54813.0,29552.333333333332
379,"Miami-Fort Lauderdale-Pompano Beach, FL MSA",2018,6105049.0,4108900.0,52310.666666666664,56446.333333333336,31043.666666666668
380,"Miami-Fort Lauderdale-Pompano Beach, FL MSA",2019,6125139.0,4152255.0,54387.333333333336,58382.0,32401.333333333332
381,"Miami-Fort Lauderdale-Pompano Beach, FL MSA",2020,6132940.0,4140444.0,54943.0,63246.0,32473.666666666668
382,"Miami-Fort Lauderdale-Pompano Beach, FL MSA",2021,6109373.0,4392117.0,59104.666666666664,69409.33333333333,37117.666666666664
383,"Miami-Fort Lauderdale-Pompano Beach, FL MSA",2022,6139340.0,4649526.0,61066.333333333336,72986.33333333333,40243.0
384,"Milwaukee-Waukesha, WI MSA",2007,931453.0,607290.0,52875.0,44395.0,23577.0
385,"Milwaukee-Waukesha, WI MSA",2008,934752.0,608102.0,54373.0,45876.0,23914.0
386,"Milwaukee-Waukesha, WI MSA",2009,942668.0,584277.0,54939.0,46032.0,22941.0
387,"Milwaukee-Waukesha, WI MSA",2010,948133.0,578812.0,55846.0,46815.0,22953.0
388,"Milwaukee-Waukesha, WI MSA",2011,950590.0,582351.0,58028.0,48539.0,24392.0
389,"Milwaukee-Waukesha, WI MSA",2012,953251.0,583833.0,59243.0,49151.0,25204.0
390,"Milwaukee-Waukesha, WI MSA",2013,955498.0,591434.0,59235.0,49138.0,25034.0
391,"Milwaukee-Waukesha, WI MSA",2014,955941.0,595767.0,59441.0,50182.0,25491.0
392,"Milwaukee-Waukesha, WI MSA",2015,955271.0,600563.0,60324.0,51471.0,26242.0
393,"Milwaukee-Waukesha, WI MSA",2016,951152.0,602295.0,60881.0,52189.0,26278.0
394,"Milwaukee-Waukesha, WI MSA",2017,946243.0,605274.0,62116.0,53475.0,27128.0
395,"Milwaukee-Waukesha, WI MSA",2018,942669.0,613225.0,63791.0,55005.0,28677.0
396,"Milwaukee-Waukesha, WI MSA",2019,941127.0,611879.0,65516.0,56362.0,29492.0
397,"Milwaukee-Waukesha, WI MSA",2020,938527.0,581345.0,69167.0,60312.0,29525.0
398,"Milwaukee-Waukesha, WI MSA",2021,924207.0,596683.0,71584.0,63346.0,31904.0
399,"Milwaukee-Waukesha, WI MSA",2022,918661.0,618491.0,73004.0,66069.0,33261.0
400,"Minneapolis-St Paul-Bloomington, MN-WI MSA",2007,1626190.0,1470000.0,57978.0,51985.5,32179.0
401,"Minneapolis-St Paul-Bloomington, MN-WI MSA",2008,1638063.0,1469890.0,58937.5,53666.0,32043.0
402,"Minneapolis-St Paul-Bloomington, MN-WI MSA",2009,1653311.0,1420235.0,57680.0,52941.0,29891.0
403,"Minneapolis-St Paul-Bloomington, MN-WI MSA",2010,1664067.0,1419869.0,59816.5,54652.5,30813.5
404,"Minneapolis-St Paul-Bloomington, MN-WI MSA",2011,1687360.0,1452317.0,61768.0,56082.0,32545.0
405,"Minneapolis-St Paul-Bloomington, MN-WI MSA",2012,1709145.0,1470542.0,63706.0,57655.5,34114.5
406,"Minneapolis-St Paul-Bloomington, MN-WI MSA",2013,1730920.0,1493178.0,64919.0,58752.0,34029.5
407,"Minneapolis-St Paul-Bloomington, MN-WI MSA",2014,1751380.0,1516855.0,66917.5,60521.0,35401.5
408,"Minneapolis-St Paul-Bloomington, MN-WI MSA",2015,1768156.0,1547285.0,68619.5,62472.5,36916.0
409,"Minneapolis-St Paul-Bloomington, MN-WI MSA",2016,1787988.0,1568948.0,69433.0,63287.5,37390.0
410,"Minneapolis-St Paul-Bloomington, MN-WI MSA",2017,1805538.0,1590852.0,71488.0,65524.5,38603.0
411,"Minneapolis-St Paul-Bloomington, MN-WI MSA",2018,1820589.0,1611183.0,73048.5,66997.5,39817.0
412,"Minneapolis-St Paul-Bloomington, MN-WI MSA",2019,1830194.0,1615225.0,75165.5,68886.0,40671.5
413,"Minneapolis-St Paul-Bloomington, MN-WI MSA",2020,1833267.0,1517934.0,79904.0,74030.0,40432.0
414,"Minneapolis-St Paul-Bloomington, MN-WI MSA",2021,1809597.0,1558176.0,82816.0,76810.5,43831.5
415,"Minneapolis-St Paul-Bloomington, MN-WI MSA",2022,1796534.0,1621838.0,84666.0,79575.5,46017.5
416,"Nashville-Davidson--Murfreesboro--Franklin, TN MSA",2007,605031.0,539967.0,53761.0,45022.0,30042.0
417,"Nashville-Davidson--Murfreesboro--Franklin, TN MSA",2008,612649.0,533046.0,56165.0,46530.0,30786.0
418,"Nashville-Davidson--Murfreesboro--Franklin, TN MSA",2009,621008.0,513490.0,60957.0,46550.0,33279.0
419,"Nashville-Davidson--Murfreesboro--Franklin, TN MSA",2010,628271.0,516004.0,62823.0,48529.0,33534.0
420,"Nashville-Davidson--Murfreesboro--Franklin, TN MSA",2011,638502.0,527727.0,64265.0,49486.0,35255.0
421,"Nashville-Davidson--Murfreesboro--Franklin, TN MSA",2012,654066.0,543545.0,64867.0,52404.0,34954.0
422,"Nashville-Davidson--Murfreesboro--Franklin, TN MSA",2013,667084.0,556385.0,64337.0,51565.0,34825.0
423,"Nashville-Davidson--Murfreesboro--Franklin, TN MSA",2014,678745.0,581101.0,66095.0,52833.0,37535.0
424,"Nashville-Davidson--Murfreesboro--Franklin, TN MSA",2015,691223.0,604411.0,67471.0,55922.0,39101.0
425,"Nashville-Davidson--Murfreesboro--Franklin, TN MSA",2016,699418.0,624773.0,69998.0,56338.0,41335.0
426,"Nashville-Davidson--Murfreesboro--Franklin, TN MSA",2017,702915.0,644850.0,72136.0,58065.0,44087.0
427,"Nashville-Davidson--Murfreesboro--Franklin, TN MSA",2018,708575.0,664981.0,75916.0,60759.0,48103.0
428,"Nashville-Davidson--Murfreesboro--Franklin, TN MSA",2019,712424.0,681166.0,79651.0,62260.0,51312.0
429,"Nashville-Davidson--Murfreesboro--Franklin, TN MSA",2020,716058.0,657784.0,83908.0,66724.0,51593.0
430,"Nashville-Davidson--Murfreesboro--Franklin, TN MSA",2021,703372.0,693785.0,87593.0,72863.0,56865.0
431,"Nashville-Davidson--Murfreesboro--Franklin, TN MSA",2022,708144.0,740334.0,92258.0,76709.0,61739.0
432,"New York-Newark-Jersey City, NY-NJ-PA MSA",2007,17141720.0,10160221.0,58306.45,53189.15,37604.85
433,"New York-Newark-Jersey City, NY-NJ-PA MSA",2008,17234111.0,10261270.0,58779.9,54385.4,37605.4
434,"New York-Newark-Jersey City, NY-NJ-PA MSA",2009,17352553.0,10059711.0,59262.65,54014.3,36142.8
435,"New York-Newark-Jersey City, NY-NJ-PA MSA",2010,17488976.0,10090787.0,61223.6,55286.6,37305.1
436,"New York-Newark-Jersey City, NY-NJ-PA MSA",2011,17701801.0,10389692.0,61166.1,56263.25,38586.65
437,"New York-Newark-Jersey City, NY-NJ-PA MSA",2012,17886911.0,10541148.0,62783.35,57163.35,39817.9
438,"New York-Newark-Jersey City, NY-NJ-PA MSA",2013,18052188.0,10762152.0,63678.05,57982.1,40265.25
439,"New York-Newark-Jersey City, NY-NJ-PA MSA",2014,18196702.0,11033727.0,64521.1,59477.5,41506.05
440,"New York-Newark-Jersey City, NY-NJ-PA MSA",2015,18327830.0,11306619.0,65779.7,61197.65,42825.9
441,"New York-Newark-Jersey City, NY-NJ-PA MSA",2016,18434926.0,11505392.0,66265.55,61739.75,43853.85
442,"New York-Newark-Jersey City, NY-NJ-PA MSA",2017,18511516.0,11666893.0,68654.0,63583.55,45661.75
443,"New York-Newark-Jersey City, NY-NJ-PA MSA",2018,18569026.0,11965091.0,70453.0,65457.9,47602.55
444,"New York-Newark-Jersey City, NY-NJ-PA MSA",2019,18606158.0,12075948.0,72781.35,67209.15,49297.15
445,"New York-Newark-Jersey City, NY-NJ-PA MSA",2020,18525184.0,11297018.0,76689.85,73425.6,49511.05
446,"New York-Newark-Jersey City, NY-NJ-PA MSA",2021,18253515.0,11713540.0,78381.7,76267.7,53191.55
447,"New York-Newark-Jersey City, NY-NJ-PA MSA",2022,18103259.0,12426975.0,77991.2,78407.65,56104.95
448,"Oklahoma City, OK MSA",2007,1043919.0,704230.0,38477.666666666664,34981.666666666664,24724.0
449,"Oklahoma City, OK MSA",2008,1058243.0,718146.0,41345.0,36794.666666666664,26641.0
450,"Oklahoma City, OK MSA",2009,1076584.0,706487.0,39518.666666666664,36614.333333333336,25010.0
451,"Oklahoma City, OK MSA",2010,1094352.0,710997.0,41410.0,37807.666666666664,25556.666666666668
452,"Oklahoma City, OK MSA",2011,1112997.0,728668.0,42795.0,38936.333333333336,26927.0
453,"Oklahoma City, OK MSA",2012,1133279.0,750314.0,44648.333333333336,40764.333333333336,28023.0
454,"Oklahoma City, OK MSA",2013,1153731.0,768440.0,45984.666666666664,41580.0,28489.0
455,"Oklahoma City, OK MSA",2014,1168072.0,781078.0,47720.333333333336,43113.333333333336,29736.0
456,"Oklahoma City, OK MSA",2015,1186986.0,792890.0,47716.333333333336,43555.0,29856.333333333332
457,"Oklahoma City, OK MSA",2016,1202005.0,795270.0,46074.666666666664,43342.666666666664,29009.333333333332
458,"Oklahoma City, OK MSA",2017,1209211.0,800669.0,46701.666666666664,45235.0,29444.0
459,"Oklahoma City, OK MSA",2018,1220719.0,813450.0,48304.666666666664,47451.0,30366.666666666668
460,"Oklahoma City, OK MSA",2019,1234829.0,816273.0,51080.666666666664,48130.0,32109.666666666668
461,"Oklahoma City, OK MSA",2020,1249832.0,800995.0,51801.333333333336,49218.0,31993.333333333332
462,"Oklahoma City, OK MSA",2021,1259702.0,827680.0,53498.666666666664,50664.666666666664,33864.0
463,"Oklahoma City, OK MSA",2022,1271295.0,868266.0,55368.666666666664,53374.333333333336,36448.666666666664
464,"Orlando-Kissimmee-Sanford, FL MSA",2007,1767956.0,1218377.0,40175.333333333336,38842.666666666664,23265.0
465,"Orlando-Kissimmee-Sanford, FL MSA",2008,1793835.0,1196861.0,39559.666666666664,39526.666666666664,22151.0
466,"Orlando-Kissimmee-Sanford, FL MSA",2009,1816406.0,1139163.0,39127.333333333336,39405.333333333336,20524.0
467,"Orlando-Kissimmee-Sanford, FL MSA",2010,1842051.0,1141093.0,40548.666666666664,39862.333333333336,20943.333333333332
468,"Orlando-Kissimmee-Sanford, FL MSA",2011,1878555.0,1179053.0,40636.0,40462.0,21608.666666666668
469,"Orlando-Kissimmee-Sanford, FL MSA",2012,1927475.0,1216344.0,41518.333333333336,41412.666666666664,22203.0
470,"Orlando-Kissimmee-Sanford, FL MSA",2013,1970418.0,1253522.0,42360.666666666664,41942.666666666664,22469.333333333332
471,"Orlando-Kissimmee-Sanford, FL MSA",2014,2020112.0,1311729.0,43069.333333333336,43003.0,23343.333333333332
472,"Orlando-Kissimmee-Sanford, FL MSA",2015,2077432.0,1372855.0,44361.333333333336,44499.333333333336,24585.666666666668
473,"Orlando-Kissimmee-Sanford, FL MSA",2016,2138461.0,1432011.0,44770.0,45246.333333333336,25311.333333333332
474,"Orlando-Kissimmee-Sanford, FL MSA",2017,2193448.0,1502450.0,45643.0,46732.0,26270.666666666668
475,"Orlando-Kissimmee-Sanford, FL MSA",2018,2241788.0,1578118.0,46703.0,48369.333333333336,27718.333333333332
476,"Orlando-Kissimmee-Sanford, FL MSA",2019,2267041.0,1620242.0,48264.666666666664,49943.0,28804.666666666668
477,"Orlando-Kissimmee-Sanford, FL MSA",2020,2294119.0,1548767.0,49626.666666666664,53947.666666666664,28322.0
478,"Orlando-Kissimmee-Sanford, FL MSA",2021,2302957.0,1662980.0,52557.333333333336,58004.0,31899.666666666668
479,"Orlando-Kissimmee-Sanford, FL MSA",2022,2354043.0,1800602.0,54414.666666666664,60727.333333333336,34309.666666666664
480,"Philadelphia-Camden-Wilmington, PA-NJ-DE-MD MSA",2007,6968921.0,4166083.0,51583.25,44746.9375,29032.75
481,"Philadelphia-Camden-Wilmington, PA-NJ-DE-MD MSA",2008,7007928.0,4176596.0,51790.9375,45976.0,28615.625
482,"Philadelphia-Camden-Wilmington, PA-NJ-DE-MD MSA",2009,7051274.0,4066653.0,52242.375,46197.3125,27872.125
483,"Philadelphia-Camden-Wilmington, PA-NJ-DE-MD MSA",2010,7094077.0,4065680.0,53822.9375,47059.6875,28510.25
484,"Philadelphia-Camden-Wilmington, PA-NJ-DE-MD MSA",2011,7139482.0,4111468.0,55023.3125,48168.75,29825.625
485,"Philadelphia-Camden-Wilmington, PA-NJ-DE-MD MSA",2012,7182194.0,4137255.0,56361.5,49246.8125,30593.8125
486,"Philadelphia-Camden-Wilmington, PA-NJ-DE-MD MSA",2013,7218324.0,4194526.0,57556.8125,49738.125,30967.3125
487,"Philadelphia-Camden-Wilmington, PA-NJ-DE-MD MSA",2014,7255992.0,4263641.0,58661.9375,51057.5,31711.0625
488,"Philadelphia-Camden-Wilmington, PA-NJ-DE-MD MSA",2015,7285870.0,4325729.0,60028.9375,52393.5,32760.1875
489,"Philadelphia-Camden-Wilmington, PA-NJ-DE-MD MSA",2016,7314464.0,4417832.0,60207.875,52749.4375,33412.9375
490,"Philadelphia-Camden-Wilmington, PA-NJ-DE-MD MSA",2017,7349236.0,4473458.0,60992.875,53933.5,34127.5
491,"Philadelphia-Camden-Wilmington, PA-NJ-DE-MD MSA",2018,7388401.0,4559822.0,62677.75,55412.1875,35439.8125
492,"Philadelphia-Camden-Wilmington, PA-NJ-DE-MD MSA",2019,7416873.0,4595816.0,65144.4375,57035.0,36954.375
493,"Philadelphia-Camden-Wilmington, PA-NJ-DE-MD MSA",2020,7435316.0,4393043.0,68240.0,61828.9375,37124.5625
494,"Philadelphia-Camden-Wilmington, PA-NJ-DE-MD MSA",2021,7451621.0,4580498.0,69786.375,64321.375,39504.3125
495,"Philadelphia-Camden-Wilmington, PA-NJ-DE-MD MSA",2022,7446786.0,4822952.0,70585.375,66656.0625,42012.4375
496,"Phoenix-Mesa-Chandler, AZ MSA",2007,4018128.0,2425687.0,42357.5,40836.0,21259.0
497,"Phoenix-Mesa-Chandler, AZ MSA",2008,4106372.0,2378759.0,42932.0,42119.5,21063.5
498,"Phoenix-Mesa-Chandler, AZ MSA",2009,4153609.0,2246740.0,42099.5,42545.0,18884.0
499,"Phoenix-Mesa-Chandler, AZ MSA",2010,4200238.0,2209922.0,43257.0,42854.5,18504.0
500,"Phoenix-Mesa-Chandler, AZ MSA",2011,4233021.0,2264679.0,44556.5,43765.5,19601.5
501,"Phoenix-Mesa-Chandler, AZ MSA",2012,4293086.0,2311203.0,45251.0,44554.0,20212.0
502,"Phoenix-Mesa-Chandler, AZ MSA",2013,4349413.0,2375863.0,46544.0,44412.0,20901.5
503,"Phoenix-Mesa-Chandler, AZ MSA",2014,4417491.0,2441677.0,47365.0,45347.5,21485.5
504,"Phoenix-Mesa-Chandler, AZ MSA",2015,4488678.0,2529496.0,47987.0,46242.5,22268.5
505,"Phoenix-Mesa-Chandler, AZ MSA",2016,4564173.0,2612755.0,48466.5,46649.5,23122.0
506,"Phoenix-Mesa-Chandler, AZ MSA",2017,4629645.0,2693850.0,49553.5,48425.0,24208.0
507,"Phoenix-Mesa-Chandler, AZ MSA",2018,4700060.0,2791017.0,50786.5,50204.5,25585.0
508,"Phoenix-Mesa-Chandler, AZ MSA",2019,4780473.0,2859233.0,52771.5,51939.0,27243.0
509,"Phoenix-Mesa-Chandler, AZ MSA",2020,4869678.0,2861046.0,55005.5,56066.0,28344.0
510,"Phoenix-Mesa-Chandler, AZ MSA",2021,4942837.0,2996012.0,57196.5,59084.0,30549.0
511,"Phoenix-Mesa-Chandler, AZ MSA",2022,5015678.0,3155580.0,59963.0,62034.5,33395.5
512,"Pittsburgh, PA MSA",2007,1222482.0,856069.0,54357.0,46756.0,27972.0
513,"Pittsburgh, PA MSA",2008,1221071.0,857991.0,55868.0,47849.0,29210.0
514,"Pittsburgh, PA MSA",2009,1222171.0,841935.0,55487.0,48031.0,28503.0
515,"Pittsburgh, PA MSA",2010,1224896.0,844103.0,57569.0,49242.0,29683.0
516,"Pittsburgh, PA MSA",2011,1233085.0,857745.0,58866.0,50849.0,31135.0
517,"Pittsburgh, PA MSA",2012,1239536.0,869002.0,59756.0,52715.0,31840.0
518,"Pittsburgh, PA MSA",2013,1246180.0,875881.0,61948.0,53729.0,32690.0
519,"Pittsburgh, PA MSA",2014,1249357.0,881418.0,63221.0,55042.0,33614.0
520,"Pittsburgh, PA MSA",2015,1248993.0,888829.0,65449.0,57465.0,35079.0
521,"Pittsburgh, PA MSA",2016,1250277.0,896963.0,64905.0,57324.0,34880.0
522,"Pittsburgh, PA MSA",2017,1247438.0,907304.0,67743.0,58988.0,37111.0
523,"Pittsburgh, PA MSA",2018,1248213.0,922250.0,70952.0,61007.0,39845.0
524,"Pittsburgh, PA MSA",2019,1250117.0,920075.0,73019.0,62920.0,41135.0
525,"Pittsburgh, PA MSA",2020,1249524.0,869304.0,76155.0,67706.0,40334.0
526,"Pittsburgh, PA MSA",2021,1245445.0,887960.0,78572.0,71953.0,42363.0
527,"Pittsburgh, PA MSA",2022,1233253.0,922010.0,79718.0,74484.0,44512.0
528,"Portland-Vancouver-Hillsboro, OR-WA MSA",2007,1615461.0,1087107.0,49656.666666666664,45579.666666666664,27786.0
529,"Portland-Vancouver-Hillsboro, OR-WA MSA",2008,1644086.0,1087907.0,50505.333333333336,46702.0,27970.0
530,"Portland-Vancouver-Hillsboro, OR-WA MSA",2009,1673656.0,1043628.0,49769.666666666664,46920.333333333336,25966.0
531,"Portland-Vancouver-Hillsboro, OR-WA MSA",2010,1695813.0,1043909.0,51201.333333333336,48236.666666666664,26229.0
532,"Portland-Vancouver-Hillsboro, OR-WA MSA",2011,1723909.0,1068584.0,52716.0,49948.0,27568.333333333332
533,"Portland-Vancouver-Hillsboro, OR-WA MSA",2012,1746700.0,1091241.0,55320.333333333336,51461.0,29062.333333333332
534,"Portland-Vancouver-Hillsboro, OR-WA MSA",2013,1765501.0,1117610.0,56249.0,52175.333333333336,29398.333333333332
535,"Portland-Vancouver-Hillsboro, OR-WA MSA",2014,1792058.0,1156292.0,57857.333333333336,54070.666666666664,30774.666666666668
536,"Portland-Vancouver-Hillsboro, OR-WA MSA",2015,1823537.0,1194836.0,59941.0,56198.0,32438.666666666668
537,"Portland-Vancouver-Hillsboro, OR-WA MSA",2016,1858009.0,1228486.0,61049.333333333336,57347.0,33228.666666666664
538,"Portland-Vancouver-Hillsboro, OR-WA MSA",2017,1879122.0,1265844.0,63075.0,59346.0,35016.0
539,"Portland-Vancouver-Hillsboro, OR-WA MSA",2018,1893288.0,1294503.0,65656.66666666667,61775.333333333336,37181.0
540,"Portland-Vancouver-Hillsboro, OR-WA MSA",2019,1907615.0,1305884.0,68763.33333333333,64479.666666666664,38927.0
541,"Portland-Vancouver-Hillsboro, OR-WA MSA",2020,1922869.0,1248536.0,73381.0,70194.33333333333,39718.0
542,"Portland-Vancouver-Hillsboro, OR-WA MSA",2021,1920675.0,1275993.0,78897.33333333333,75555.33333333333,43470.666666666664
543,"Portland-Vancouver-Hillsboro, OR-WA MSA",2022,1912038.0,1340632.0,79043.66666666667,76843.66666666667,45918.0
544,"Providence-Warwick, RI-MA MSA",2007,1006401.0,594627.0,47664.25,41497.25,28679.25
545,"Providence-Warwick, RI-MA MSA",2008,1004335.0,585659.0,47720.25,42514.25,28230.5
546,"Providence-Warwick, RI-MA MSA",2009,1003571.0,565848.0,48159.0,43112.25,27301.25
547,"Providence-Warwick, RI-MA MSA",2010,1005077.0,564290.0,51326.25,44387.25,28706.0
548,"Providence-Warwick, RI-MA MSA",2011,1009111.0,569736.0,51935.25,45098.75,30088.5
549,"Providence-Warwick, RI-MA MSA",2012,1013783.0,571102.0,53688.5,46123.75,31320.0
550,"Providence-Warwick, RI-MA MSA",2013,1018121.0,579979.0,53874.75,46903.5,31256.5
551,"Providence-Warwick, RI-MA MSA",2014,1022922.0,590348.0,54466.5,48236.75,31697.5
552,"Providence-Warwick, RI-MA MSA",2015,1026925.0,603881.0,54896.5,49283.5,32527.25
553,"Providence-Warwick, RI-MA MSA",2016,1031886.0,610119.0,55441.0,50191.0,32912.25
554,"Providence-Warwick, RI-MA MSA",2017,1034386.0,615558.0,56900.25,51730.75,34005.25
555,"Providence-Warwick, RI-MA MSA",2018,1041073.0,625281.0,58412.5,53169.0,35348.75
556,"Providence-Warwick, RI-MA MSA",2019,1043778.0,627475.0,60842.75,54649.25,37812.25
557,"Providence-Warwick, RI-MA MSA",2020,1045571.0,593117.0,65392.5,59885.5,38633.75
558,"Providence-Warwick, RI-MA MSA",2021,1046185.0,616825.0,68075.25,61845.75,41373.25
559,"Providence-Warwick, RI-MA MSA",2022,1043374.0,643848.0,69071.25,64039.5,43606.0
560,"Raleigh-Cary, NC MSA",2007,1201596.0,903926.0,53784.0,48633.0,31240.333333333332
561,"Raleigh-Cary, NC MSA",2008,1245612.0,914906.0,55578.333333333336,49956.0,32011.333333333332
562,"Raleigh-Cary, NC MSA",2009,1281349.0,896535.0,55257.0,50474.333333333336,30527.333333333332
563,"Raleigh-Cary, NC MSA",2010,1312241.0,896390.0,58029.0,52036.333333333336,31637.333333333332
564,"Raleigh-Cary, NC MSA",2011,1340432.0,918395.0,56990.0,52461.666666666664,31670.333333333332
565,"Raleigh-Cary, NC MSA",2012,1372976.0,945634.0,58875.333333333336,53590.666666666664,32717.0
566,"Raleigh-Cary, NC MSA",2013,1402903.0,969927.0,59514.666666666664,54722.0,32066.0
567,"Raleigh-Cary, NC MSA",2014,1434001.0,1010653.0,60719.0,55579.666666666664,33270.666666666664
568,"Raleigh-Cary, NC MSA",2015,1465265.0,1049084.0,61556.0,56744.333333333336,34403.333333333336
569,"Raleigh-Cary, NC MSA",2016,1499668.0,1085486.0,61904.666666666664,57624.666666666664,35058.333333333336
570,"Raleigh-Cary, NC MSA",2017,1528169.0,1115439.0,63376.0,59362.666666666664,36389.333333333336
571,"Raleigh-Cary, NC MSA",2018,1557119.0,1152879.0,66011.33333333333,62505.333333333336,37787.333333333336
572,"Raleigh-Cary, NC MSA",2019,1583089.0,1179112.0,68926.66666666667,64835.666666666664,39448.333333333336
573,"Raleigh-Cary, NC MSA",2020,1599829.0,1165806.0,73254.0,70223.0,41355.666666666664
574,"Raleigh-Cary, NC MSA",2021,1630666.0,1230867.0,76864.33333333333,75052.66666666667,43758.333333333336
575,"Raleigh-Cary, NC MSA",2022,1658178.0,1303770.0,78987.33333333333,78056.0,46186.333333333336
576,"Richmond, VA MSA",2007,972945.0,673820.0,46029.5,43353.375,31602.375
577,"Richmond, VA MSA",2008,985683.0,672951.0,46301.625,44150.875,31599.5
578,"Richmond, VA MSA",2009,996048.0,651956.0,45632.25,43790.875,30622.375
579,"Richmond, VA MSA",2010,1004612.0,647821.0,47197.0,44711.875,31604.25
580,"Richmond, VA MSA",2011,1013288.0,659934.0,48699.75,45972.625,33512.25
581,"Richmond, VA MSA",2012,1027614.0,672226.0,50473.125,47141.375,34746.375
582,"Richmond, VA MSA",2013,1039457.0,683422.0,51394.0,47583.0,35026.875
583,"Richmond, VA MSA",2014,1052380.0,695971.0,52402.875,48923.625,36094.875
584,"Richmond, VA MSA",2015,1063748.0,719256.0,54712.25,50919.0,38062.0
585,"Richmond, VA MSA",2016,1076685.0,737856.0,54150.125,51607.0,38025.625
586,"Richmond, VA MSA",2017,1088254.0,753106.0,56344.375,54171.875,39734.0
587,"Richmond, VA MSA",2018,1100587.0,765786.0,56807.0,55191.0,40579.0
588,"Richmond, VA MSA",2019,1112230.0,775654.0,59500.875,57166.25,42376.375
589,"Richmond, VA MSA",2020,1122477.0,760596.0,61961.25,61444.0,43287.625
590,"Richmond, VA MSA",2021,1131847.0,788911.0,64668.5,63994.625,46610.0
591,"Richmond, VA MSA",2022,1143892.0,828413.0,66746.75,66875.25,50233.875
592,"Riverside-San Bernardino-Ontario, CA MSA",2007,4067344.0,1799648.0,43887.0,39221.0,21489.0
593,"Riverside-San Bernardino-Ontario, CA MSA",2008,4113447.0,1747924.0,43807.5,40165.5,20587.5
594,"Riverside-San Bernardino-Ontario, CA MSA",2009,4160685.0,1666033.0,43331.0,40425.0,19276.5
595,"Riverside-San Bernardino-Ontario, CA MSA",2010,4240739.0,1638750.0,45138.5,40961.0,19266.0
596,"Riverside-San Bernardino-Ontario, CA MSA",2011,4286191.0,1678301.0,46595.5,41673.5,20387.5
597,"Riverside-San Bernardino-Ontario, CA MSA",2012,4318845.0,1727717.0,46415.0,41778.0,20754.0
598,"Riverside-San Bernardino-Ontario, CA MSA",2013,4346320.0,1788249.0,46728.5,41909.0,21165.0
599,"Riverside-San Bernardino-Ontario, CA MSA",2014,4384684.0,1868328.0,47286.5,42674.5,21939.5
600,"Riverside-San Bernardino-Ontario, CA MSA",2015,4422911.0,1944599.0,49085.0,44793.5,23062.5
601,"Riverside-San Bernardino-Ontario, CA MSA",2016,4465521.0,1993220.0,50077.5,45373.0,24091.5
602,"Riverside-San Bernardino-Ontario, CA MSA",2017,4511846.0,2052304.0,51177.5,46531.0,25005.5
603,"Riverside-San Bernardino-Ontario, CA MSA",2018,4550170.0,2121923.0,52090.0,47647.5,26062.5
604,"Riverside-San Bernardino-Ontario, CA MSA",2019,4576562.0,2169139.0,54129.0,49541.5,27661.5
605,"Riverside-San Bernardino-Ontario, CA MSA",2020,4606086.0,2150070.0,56713.0,53702.5,28488.0
606,"Riverside-San Bernardino-Ontario, CA MSA",2021,4646060.0,2261277.0,59636.0,56711.5,30493.5
607,"Riverside-San Bernardino-Ontario, CA MSA",2022,4667558.0,2393652.0,60142.5,58582.5,32829.0
608,"Sacramento-Roseville-Folsom, CA MSA",2007,1381161.0,818253.0,56601.0,49686.0,26670.0
609,"Sacramento-Roseville-Folsom, CA MSA",2008,1394438.0,801069.0,58286.0,51750.0,26298.0
610,"Sacramento-Roseville-Folsom, CA MSA",2009,1408601.0,771560.0,58126.0,52070.0,24824.0
611,"Sacramento-Roseville-Folsom, CA MSA",2010,1421965.0,752642.0,59508.0,52929.0,24608.0
612,"Sacramento-Roseville-Folsom, CA MSA",2011,1436671.0,752782.0,61889.0,54947.0,25553.0
613,"Sacramento-Roseville-Folsom, CA MSA",2012,1450201.0,780748.0,61721.0,55160.0,26209.0
614,"Sacramento-Roseville-Folsom, CA MSA",2013,1465129.0,800686.0,62777.0,55251.0,26872.0
615,"Sacramento-Roseville-Folsom, CA MSA",2014,1485221.0,820003.0,64074.0,56310.0,27862.0
616,"Sacramento-Roseville-Folsom, CA MSA",2015,1506558.0,841529.0,66042.0,58127.0,29389.0
617,"Sacramento-Roseville-Folsom, CA MSA",2016,1527104.0,857316.0,66616.0,58531.0,30033.0
618,"Sacramento-Roseville-Folsom, CA MSA",2017,1546422.0,873464.0,68410.0,60413.0,31260.0
619,"Sacramento-Roseville-Folsom, CA MSA",2018,1560721.0,899235.0,69767.0,61650.0,32726.0
620,"Sacramento-Roseville-Folsom, CA MSA",2019,1575602.0,913019.0,72290.0,64291.0,33915.0
621,"Sacramento-Roseville-Folsom, CA MSA",2020,1586465.0,894864.0,76097.0,69760.0,34281.0
622,"Sacramento-Roseville-Folsom, CA MSA",2021,1588106.0,923658.0,78972.0,73021.0,36586.0
623,"Sacramento-Roseville-Folsom, CA MSA",2022,1584169.0,971204.0,79777.0,75818.0,38435.0
624,"Salt Lake City, UT MSA",2007,1453293.0,1023350.0,40567.0,37977.5,23147.0
625,"Salt Lake City, UT MSA",2008,1487168.0,1029779.0,40969.5,39154.0,22985.5
626,"Salt Lake City, UT MSA",2009,1521596.0,996932.0,40183.0,39747.5,21279.0
627,"Salt Lake City, UT MSA",2010,1553723.0,990670.0,40886.5,40514.0,21076.0
628,"Salt Lake City, UT MSA",2011,1582070.0,1019234.0,42253.0,41588.5,22322.0
629,"Salt Lake City, UT MSA",2012,1610556.0,1049614.0,44688.5,42984.0,23870.5
630,"Salt Lake City, UT MSA",2013,1640806.0,1084047.0,46114.0,43512.5,24484.0
631,"Salt Lake City, UT MSA",2014,1664037.0,1114832.0,47489.5,44610.5,25680.5
632,"Salt Lake City, UT MSA",2015,1691684.0,1157607.0,49564.0,46308.0,27363.5
633,"Salt Lake City, UT MSA",2016,1730939.0,1204842.0,50718.0,47315.5,28507.5
634,"Salt Lake City, UT MSA",2017,1767470.0,1243342.0,52061.5,48690.0,29608.5
635,"Salt Lake City, UT MSA",2018,1797155.0,1291652.0,53951.5,51046.0,31282.5
636,"Salt Lake City, UT MSA",2019,1824002.0,1313103.0,57719.5,53971.5,33378.0
637,"Salt Lake City, UT MSA",2020,1850480.0,1330004.0,60948.5,58194.5,35349.5
638,"Salt Lake City, UT MSA",2021,1872246.0,1401268.0,62957.5,61519.0,38011.5
639,"Salt Lake City, UT MSA",2022,1888691.0,1479899.0,64789.0,64773.0,40802.0
640,"San Antonio-New Braunfels, TX MSA",2007,1615210.0,973426.0,45796.0,39901.0,22743.0
641,"San Antonio-New Braunfels, TX MSA",2008,1651709.0,993098.0,47158.0,40530.0,23549.0
642,"San Antonio-New Braunfels, TX MSA",2009,1685628.0,985188.0,46411.0,41346.0,22174.0
643,"San Antonio-New Braunfels, TX MSA",2010,1722589.0,993241.0,48346.0,42561.0,22673.0
644,"San Antonio-New Braunfels, TX MSA",2011,1754060.0,1012852.0,50299.0,44158.0,23894.0
645,"San Antonio-New Braunfels, TX MSA",2012,1786364.0,1037005.0,51191.0,44922.0,24434.0
646,"San Antonio-New Braunfels, TX MSA",2013,1817813.0,1062491.0,52903.0,45295.0,25148.0
647,"San Antonio-New Braunfels, TX MSA",2014,1853228.0,1092747.0,55747.0,46755.0,27003.0
648,"San Antonio-New Braunfels, TX MSA",2015,1888800.0,1126966.0,55189.0,48276.0,26785.0
649,"San Antonio-New Braunfels, TX MSA",2016,1920089.0,1169075.0,55281.0,49068.0,27036.0
650,"San Antonio-New Braunfels, TX MSA",2017,1947735.0,1202355.0,56896.0,50469.0,28265.0
651,"San Antonio-New Braunfels, TX MSA",2018,1971056.0,1232847.0,58934.0,52009.0,29970.0
652,"San Antonio-New Braunfels, TX MSA",2019,1991044.0,1248122.0,58144.0,53862.0,29352.0
653,"San Antonio-New Braunfels, TX MSA",2020,2015369.0,1219062.0,58899.0,57673.0,28210.0
654,"San Antonio-New Braunfels, TX MSA",2021,2030895.0,1266473.0,60620.0,60388.0,29804.0
655,"San Antonio-New Braunfels, TX MSA",2022,2059530.0,1334028.0,62293.0,62835.0,31486.0
656,"San Diego-Chula Vista-Carlsbad, CA MSA",2007,2975742.0,1890299.0,54298.0,48703.0,30326.0
657,"San Diego-Chula Vista-Carlsbad, CA MSA",2008,3022116.0,1882613.0,54369.0,50388.0,29537.0
658,"San Diego-Chula Vista-Carlsbad, CA MSA",2009,3061203.0,1821920.0,54276.0,50801.0,28077.0
659,"San Diego-Chula Vista-Carlsbad, CA MSA",2010,3102436.0,1804100.0,56525.0,52394.0,28623.0
660,"San Diego-Chula Vista-Carlsbad, CA MSA",2011,3133069.0,1828219.0,58142.0,54142.0,29893.0
661,"San Diego-Chula Vista-Carlsbad, CA MSA",2012,3167554.0,1877275.0,59563.0,55277.0,31169.0
662,"San Diego-Chula Vista-Carlsbad, CA MSA",2013,3199707.0,1920848.0,60844.0,55932.0,31901.0
663,"San Diego-Chula Vista-Carlsbad, CA MSA",2014,3234658.0,1973022.0,62111.0,57482.0,33113.0
664,"San Diego-Chula Vista-Carlsbad, CA MSA",2015,3262566.0,2029948.0,63580.0,59072.0,34626.0
665,"San Diego-Chula Vista-Carlsbad, CA MSA",2016,3283586.0,2083422.0,64301.0,59262.0,35718.0
666,"San Diego-Chula Vista-Carlsbad, CA MSA",2017,3293575.0,2118892.0,65964.0,61015.0,37161.0
667,"San Diego-Chula Vista-Carlsbad, CA MSA",2018,3303463.0,2148460.0,67592.0,63051.0,38460.0
668,"San Diego-Chula Vista-Carlsbad, CA MSA",2019,3297959.0,2158023.0,69975.0,65308.0,40047.0
669,"San Diego-Chula Vista-Carlsbad, CA MSA",2020,3296045.0,2053902.0,75075.0,72604.0,40917.0
670,"San Diego-Chula Vista-Carlsbad, CA MSA",2021,3274954.0,2136842.0,78358.0,76833.0,44678.0
671,"San Diego-Chula Vista-Carlsbad, CA MSA",2022,3276208.0,2270595.0,78488.0,78272.0,47321.0
672,"San Francisco-Oakland-Berkeley, CA MSA",2007,2613219.0,1904710.0,65109.0,59260.75,42091.5
673,"San Francisco-Oakland-Berkeley, CA MSA",2008,2650851.0,1911662.0,64946.25,60147.0,41372.75
674,"San Francisco-Oakland-Berkeley, CA MSA",2009,2686603.0,1842185.0,65462.25,59753.0,40032.75
675,"San Francisco-Oakland-Berkeley, CA MSA",2010,2708761.0,1830718.0,68819.25,61211.0,41789.5
676,"San Francisco-Oakland-Berkeley, CA MSA",2011,2742616.0,1865891.0,70083.5,63206.0,43818.25
677,"San Francisco-Oakland-Berkeley, CA MSA",2012,2782728.0,1956941.0,71965.0,64136.25,46847.5
678,"San Francisco-Oakland-Berkeley, CA MSA",2013,2825148.0,2031852.0,73060.25,64798.0,48297.0
679,"San Francisco-Oakland-Berkeley, CA MSA",2014,2869890.0,2115093.0,75807.25,67667.5,51563.25
680,"San Francisco-Oakland-Berkeley, CA MSA",2015,2912572.0,2207271.0,79174.25,71222.0,55387.75
681,"San Francisco-Oakland-Berkeley, CA MSA",2016,2939556.0,2271834.0,82805.25,73820.5,58260.75
682,"San Francisco-Oakland-Berkeley, CA MSA",2017,2955677.0,2315679.0,85714.75,77394.75,61190.0
683,"San Francisco-Oakland-Berkeley, CA MSA",2018,2966231.0,2370481.0,88672.25,81822.75,64580.25
684,"San Francisco-Oakland-Berkeley, CA MSA",2019,2967821.0,2370201.0,94324.5,86562.5,67666.5
685,"San Francisco-Oakland-Berkeley, CA MSA",2020,2949540.0,2199753.0,103903.0,97927.5,70651.0
686,"San Francisco-Oakland-Berkeley, CA MSA",2021,2850458.0,2243483.0,114232.25,108956.5,82135.75
687,"San Francisco-Oakland-Berkeley, CA MSA",2022,2827752.0,2381913.0,108571.25,104202.75,81689.75
688,"San Jose-Sunnyvale-Santa Clara, CA MSA",2007,1712026.0,1160114.0,85879.0,83518.0,44521.0
689,"San Jose-Sunnyvale-Santa Clara, CA MSA",2008,1740964.0,1164619.0,84901.0,81944.0,43373.0
690,"San Jose-Sunnyvale-Santa Clara, CA MSA",2009,1765137.0,1109821.0,84497.0,81612.0,40890.0
691,"San Jose-Sunnyvale-Santa Clara, CA MSA",2010,1786519.0,1106203.0,92765.0,90440.0,44263.0
692,"San Jose-Sunnyvale-Santa Clara, CA MSA",2011,1814528.0,1139453.0,98052.0,95846.0,47595.0
693,"San Jose-Sunnyvale-Santa Clara, CA MSA",2012,1842432.0,1185174.0,99019.0,96649.0,52070.0
694,"San Jose-Sunnyvale-Santa Clara, CA MSA",2013,1873133.0,1232448.0,101089.0,98867.0,52208.0
695,"San Jose-Sunnyvale-Santa Clara, CA MSA",2014,1900682.0,1276844.0,106929.0,105277.0,55440.0
696,"San Jose-Sunnyvale-Santa Clara, CA MSA",2015,1927498.0,1335439.0,113898.0,113310.0,60327.0
697,"San Jose-Sunnyvale-Santa Clara, CA MSA",2016,1942263.0,1370271.0,118150.0,117726.0,65293.0
698,"San Jose-Sunnyvale-Santa Clara, CA MSA",2017,1948685.0,1400312.0,126050.0,125025.0,71120.0
699,"San Jose-Sunnyvale-Santa Clara, CA MSA",2018,1950712.0,1434564.0,135042.0,133599.0,78235.0
700,"San Jose-Sunnyvale-Santa Clara, CA MSA",2019,1943313.0,1441718.0,140673.0,137279.0,82036.0
701,"San Jose-Sunnyvale-Santa Clara, CA MSA",2020,1931026.0,1374788.0,159736.0,160708.0,89748.0
702,"San Jose-Sunnyvale-Santa Clara, CA MSA",2021,1886595.0,1407599.0,179841.0,183436.0,106448.0
703,"San Jose-Sunnyvale-Santa Clara, CA MSA",2022,1870945.0,1495511.0,166261.0,169868.0,106017.0
704,"Seattle-Tacoma-Bellevue, WA MSA",2007,3304467.0,2252497.0,54322.333333333336,48443.666666666664,31944.666666666668
705,"Seattle-Tacoma-Bellevue, WA MSA",2008,3355042.0,2272359.0,55261.0,49550.666666666664,32175.333333333332
706,"Seattle-Tacoma-Bellevue, WA MSA",2009,3414797.0,2182609.0,54774.666666666664,50574.666666666664,29739.666666666668
707,"Seattle-Tacoma-Bellevue, WA MSA",2010,3449507.0,2154729.0,56738.666666666664,51788.333333333336,29875.0
708,"Seattle-Tacoma-Bellevue, WA MSA",2011,3505162.0,2190282.0,58823.0,53692.0,31515.666666666668
709,"Seattle-Tacoma-Bellevue, WA MSA",2012,3561158.0,2258685.0,61240.333333333336,54921.333333333336,33461.666666666664
710,"Seattle-Tacoma-Bellevue, WA MSA",2013,3615685.0,2313185.0,63006.333333333336,55837.0,34379.0
711,"Seattle-Tacoma-Bellevue, WA MSA",2014,3679543.0,2380273.0,64717.0,57817.333333333336,35854.666666666664
712,"Seattle-Tacoma-Bellevue, WA MSA",2015,3745182.0,2454123.0,66065.0,59191.0,37163.666666666664
713,"Seattle-Tacoma-Bellevue, WA MSA",2016,3824014.0,2526949.0,67672.33333333333,61023.333333333336,38667.666666666664
714,"Seattle-Tacoma-Bellevue, WA MSA",2017,3893869.0,2602538.0,69859.66666666667,63517.0,40675.0
715,"Seattle-Tacoma-Bellevue, WA MSA",2018,3943414.0,2667012.0,73681.0,67183.0,43635.333333333336
716,"Seattle-Tacoma-Bellevue, WA MSA",2019,3984400.0,2701937.0,77274.0,70206.66666666667,46143.0
717,"Seattle-Tacoma-Bellevue, WA MSA",2020,4027487.0,2598455.0,82440.0,76449.33333333333,47369.333333333336
718,"Seattle-Tacoma-Bellevue, WA MSA",2021,4016274.0,2666250.0,87075.66666666667,81667.66666666667,52019.0
719,"Seattle-Tacoma-Bellevue, WA MSA",2022,4034248.0,2818702.0,88296.0,84071.33333333333,55056.666666666664
720,"St. Louis, MO-IL MSA",2007,1317348.0,1063700.0,55718.0,48955.0,25794.5
721,"St. Louis, MO-IL MSA",2008,1316286.0,1064320.0,61073.5,53890.5,27382.5
722,"St. Louis, MO-IL MSA",2009,1317460.0,1027470.0,58749.5,50364.5,26823.0
723,"St. Louis, MO-IL MSA",2010,1318519.0,1012186.0,60410.0,51542.0,27460.5
724,"St. Louis, MO-IL MSA",2011,1321100.0,1020898.0,61515.0,52948.5,28661.0
725,"St. Louis, MO-IL MSA",2012,1323261.0,1025007.0,63179.0,54392.5,29620.5
726,"St. Louis, MO-IL MSA",2013,1323317.0,1036678.0,63747.5,54410.0,29996.5
727,"St. Louis, MO-IL MSA",2014,1323632.0,1047406.0,64014.0,56118.0,29928.0
728,"St. Louis, MO-IL MSA",2015,1324143.0,1064771.0,65314.5,57575.0,30921.0
729,"St. Louis, MO-IL MSA",2016,1318731.0,1075655.0,65899.5,57907.5,31862.5
730,"St. Louis, MO-IL MSA",2017,1314067.0,1086001.0,67231.5,59289.0,32981.5
731,"St. Louis, MO-IL MSA",2018,1309171.0,1099966.0,68812.5,61767.5,34066.5
732,"St. Louis, MO-IL MSA",2019,1307052.0,1097176.0,71781.5,63352.5,35821.0
733,"St. Louis, MO-IL MSA",2020,1303539.0,1052434.0,75861.0,67593.0,36294.5
734,"St. Louis, MO-IL MSA",2021,1291789.0,1079192.0,78284.5,70688.0,38939.5
735,"St. Louis, MO-IL MSA",2022,1276992.0,1126105.0,80403.5,73480.5,41295.5
736,"Tampa-St Petersburg-Clearwater, FL MSA",2007,2103310.0,1400224.0,45440.0,41828.0,24666.5
737,"Tampa-St Petersburg-Clearwater, FL MSA",2008,2113231.0,1349538.0,46353.0,43394.0,24082.5
738,"Tampa-St Petersburg-Clearwater, FL MSA",2009,2129380.0,1285869.0,46926.5,44304.5,23045.5
739,"Tampa-St Petersburg-Clearwater, FL MSA",2010,2148847.0,1267593.0,48870.5,45206.0,23685.5
740,"Tampa-St Petersburg-Clearwater, FL MSA",2011,2168670.0,1284059.0,49467.5,46510.5,24453.0
741,"Tampa-St Petersburg-Clearwater, FL MSA",2012,2191588.0,1313819.0,50312.0,47845.5,25164.0
742,"Tampa-St Petersburg-Clearwater, FL MSA",2013,2218378.0,1351877.0,50159.5,48062.0,25082.0
743,"Tampa-St Petersburg-Clearwater, FL MSA",2014,2249874.0,1390272.0,50977.5,49198.0,25908.5
744,"Tampa-St Petersburg-Clearwater, FL MSA",2015,2287487.0,1440889.0,52106.5,50701.0,26969.0
745,"Tampa-St Petersburg-Clearwater, FL MSA",2016,2328490.0,1477234.0,52999.5,51818.0,27462.0
746,"Tampa-St Petersburg-Clearwater, FL MSA",2017,2362327.0,1528317.0,53332.0,53031.0,28242.0
747,"Tampa-St Petersburg-Clearwater, FL MSA",2018,2387760.0,1579173.0,54596.5,54848.0,29469.0
748,"Tampa-St Petersburg-Clearwater, FL MSA",2019,2405600.0,1611566.0,56746.5,56818.5,30787.5
749,"Tampa-St Petersburg-Clearwater, FL MSA",2020,2425625.0,1608401.0,58875.0,61192.5,31444.5
750,"Tampa-St Petersburg-Clearwater, FL MSA",2021,2443501.0,1688696.0,62318.5,65438.5,34691.5
751,"Tampa-St Petersburg-Clearwater, FL MSA",2022,2475040.0,1783573.0,64795.0,68518.5,37250.0
752,"Virginia Beach-Norfolk-Newport News, VA-NC MSA",2007,1332034.0,863318.0,46425.57142857143,40507.71428571428,26187.85714285714
753,"Virginia Beach-Norfolk-Newport News, VA-NC MSA",2008,1330792.0,855896.0,47124.42857142857,41473.71428571428,26423.14285714286
754,"Virginia Beach-Norfolk-Newport News, VA-NC MSA",2009,1334656.0,827000.0,48248.142857142855,42744.42857142857,25929.14285714286
755,"Virginia Beach-Norfolk-Newport News, VA-NC MSA",2010,1344293.0,818015.0,49581.71428571428,43596.142857142855,26176.285714285714
756,"Virginia Beach-Norfolk-Newport News, VA-NC MSA",2011,1350538.0,819164.0,49990.42857142857,44238.0,26765.285714285714
757,"Virginia Beach-Norfolk-Newport News, VA-NC MSA",2012,1361096.0,821487.0,51520.71428571428,45532.142857142855,27261.428571428572
758,"Virginia Beach-Norfolk-Newport News, VA-NC MSA",2013,1369183.0,828190.0,52268.857142857145,46464.28571428572,26914.0
759,"Virginia Beach-Norfolk-Newport News, VA-NC MSA",2014,1378349.0,834906.0,52704.0,47174.57142857143,27345.285714285714
760,"Virginia Beach-Norfolk-Newport News, VA-NC MSA",2015,1382692.0,849226.0,53762.142857142855,48415.28571428572,28243.85714285714
761,"Virginia Beach-Norfolk-Newport News, VA-NC MSA",2016,1386906.0,871660.0,53479.28571428572,48496.28571428572,28617.0
762,"Virginia Beach-Norfolk-Newport News, VA-NC MSA",2017,1388974.0,882035.0,54334.857142857145,49957.0,29116.714285714286
763,"Virginia Beach-Norfolk-Newport News, VA-NC MSA",2018,1392580.0,874704.0,54606.71428571428,51024.28571428572,29039.714285714286
764,"Virginia Beach-Norfolk-Newport News, VA-NC MSA",2019,1399015.0,872573.0,56209.42857142857,52430.42857142857,29854.14285714286
765,"Virginia Beach-Norfolk-Newport News, VA-NC MSA",2020,1403895.0,859054.0,59180.28571428572,56855.28571428572,30212.428571428572
766,"Virginia Beach-Norfolk-Newport News, VA-NC MSA",2021,1403776.0,886031.0,61510.42857142857,59261.857142857145,32347.571428571428
767,"Virginia Beach-Norfolk-Newport News, VA-NC MSA",2022,1402132.0,913984.0,62728.57142857143,61456.857142857145,34101.42857142857
768,"Washington-Arlington-Alexandria, DC-VA-MD-WV MSA",2007,1174042.0,1290337.0,74253.5,66170.75,49153.0
769,"Washington-Arlington-Alexandria, DC-VA-MD-WV MSA",2008,1202060.0,1306984.0,76236.5,68141.5,50512.0
770,"Washington-Arlington-Alexandria, DC-VA-MD-WV MSA",2009,1236049.0,1308103.0,78105.0,69391.25,50115.75
771,"Washington-Arlington-Alexandria, DC-VA-MD-WV MSA",2010,1270322.0,1326926.0,83266.25,72060.0,53559.0
772,"Washington-Arlington-Alexandria, DC-VA-MD-WV MSA",2011,1304416.0,1354276.0,83954.5,72783.0,55685.25
773,"Washington-Arlington-Alexandria, DC-VA-MD-WV MSA",2012,1337878.0,1365060.0,84351.75,73560.25,56377.25
774,"Washington-Arlington-Alexandria, DC-VA-MD-WV MSA",2013,1369420.0,1387930.0,82920.5,74046.25,54037.5
775,"Washington-Arlington-Alexandria, DC-VA-MD-WV MSA",2014,1394412.0,1408166.0,84513.5,75883.75,55924.75
776,"Washington-Arlington-Alexandria, DC-VA-MD-WV MSA",2015,1422183.0,1442247.0,86091.25,77835.5,57793.75
777,"Washington-Arlington-Alexandria, DC-VA-MD-WV MSA",2016,1447567.0,1476672.0,86929.25,78886.5,58863.0
778,"Washington-Arlington-Alexandria, DC-VA-MD-WV MSA",2017,1471579.0,1501091.0,88303.0,81330.5,60149.25
779,"Washington-Arlington-Alexandria, DC-VA-MD-WV MSA",2018,1486036.0,1524121.0,91120.5,84751.5,62675.75
780,"Washington-Arlington-Alexandria, DC-VA-MD-WV MSA",2019,1499021.0,1535453.0,93425.25,86451.25,63774.75
781,"Washington-Arlington-Alexandria, DC-VA-MD-WV MSA",2020,1491461.0,1471123.0,98979.25,93441.5,64841.25
782,"Washington-Arlington-Alexandria, DC-VA-MD-WV MSA",2021,1486003.0,1489799.0,103436.5,97194.5,71346.0
783,"Washington-Arlington-Alexandria, DC-VA-MD-WV MSA",2022,1493413.0,1548410.0,105721.75,101066.75,73789.0
